sku,ean
342,5026445001995
438,8712561484398
724,4011700741724
930,8712561485524
1025,5060120164346
1040,5000231008832
1059,5000444015160
1069,8717163742839
1093,8712561481663
1369,8016825929022
1529,5000347054303
1573,50096381
1613,3574660583861
1652,42299837
1654,4005900568922
1856,4005808222698
1918,5060050801168
3005,5012583200802
3109,3574661440460
3154,50096367
3157,8717163545324
3201,8717163605776
3235,5000347027499
3238,5012251010672
3239,5017848251957
3581,4005808837311
4053,5011962117007
4164,5000204882575
50300,3574660520132
60134,4005900036568
80218,8711600786257
80225,8710908325823
100307,5010249041264
100356,5010249309753
100486,5019205005029
100779,5019205000680
100940,5012583200727
101401,4005808300259
101917,8717163635865
102045,5012583200796
102064,5026445001971
102134,4015600572969
102169,5010622005012
628273,3600522107941
7282837,5017848250295
8387282,48256219456
8739202,5011309895810
8712878612,5060120166517
 -923UE40WEHD,5011289002536
00A-2D6-577,5010789464899
010-E26-9BC,5053249215341
02-21-0642-7L-AM,8711577232276
02-ACDF-MV0K,5411183137790
037-8F7-E06,5411183078970
03C-2D3-F85,5029578000019
03-IONU-0WSV,5449000000996
041-84D-32A,5025416888801
04-2DRA-OW2U,5060194130056
04-ESTL-0W10,5411183090682
053-BB3-23C,5053249229201
05-Q1NE-6Z2L,5020535022112
060-19E-93C,4003455001833
064-076-1E4,5011309895612
06E-EF3-77A,5060194130018
071-F8A-BF9,5054267000223
07A-888-6BF,5029054232224
08B-F1F-91A,8001841041360
09B-773-F2F,5010789444891
0A1-D45-8B8,5000204336887
0A-B5WP-ADMB,5000231070112
0AE-BFB-880,5055586607131
0A-H98S-9O0C,5010724526798
0A-XHU9-0KCC,5060021360212
0B-0ZQ6-BOQG,8710447250259
0B-C5JC-KP48,5060021363657
0E-L9A5-E2WY,5050375118614
0F6-6F9-EA7,5000231008771
0G-7LPK-DZC3,5028763004382
0g9j5490ghi90th50,5000101100468
0G-RPTY-G4BJ,5029347000110
0G-XKYB-4FYM,5000347071461
0i0j0j0j,8711700921565
0I-G6RE-SBCD,5000204899764
0I-TYXG-06GR,4004148017711
0J-A443-RZAR,5029347611187
0K-89KK-TVCD,8003520013026
0K-GS6L-9RV1,4013090000009
0K-TNB5-UM90,5050375010857
0K-TWFX-OIHY,5029347004156
0O-7VLO-21RQ,5060021364470
0O-V5FN-4SRP,10181025396
0P-06I7-3AVR,5055319529990
0T-F5JX-ZOEO,5013748000077
0U-K1J4-8XNZ,5029347001124
0V-EU0V-UI4R,5060120161277
0V-W9MJ-EHO7,5011417567050
0W-22-1151-XW-AM,3600522363514
0W-MF46-H8J5,5055170280757
0Y-2RT6-G9DJ,5012616291746
0Z-U8HI-SN3X,5055319517355
1001CFPR300,5032227008199
100452-1,5010249041165
104-1A2-EF0,5000204951721
112-2A1-653,5304000311827
11-H7LL-J0XB,5050375085527
11-QMXP-JRHS,5012583205616
127-AA4-43D,5000204897500
13-6CE5-EREK-1,5050375085312
13-E46R-PZ9N,7615400179626
13-GEFO-WC33,4011700410811
151bgmsp400-1,5053249219783
151clspafdc1,5053249215280
151ggmpsp1,5053249219806
151mpcgm400-1,5053249240640
151rgmsp400-1,5053249215129
151YVG180,5050375085374
15-41KH-4A03,5060021360731
162-F8B-5E7,5050375083813
16-614F-VQVR,5011289001775
16-MS78-3EXW,5000347090967
16-UO9E-IC45,3600523703739
17-ODYP-KORR,5060021364586
186-DD7-5AB,5000204885996
18-8QDO-60NX,5050375107601
18-KZIX-QGA0,7702018467242
18-LUTY-ZFO1,5000204891614
1A0-F59-5FA,3361370713479
1A-26-1425-KG-AM,5012583002642
1A-JNX4-Y54J,7702018980901
1A-RH5I-1C48,5032227449091
1B-26-1047-T7-AM,8001841535487
1B6-D6C-AEF,8718951564862
1BD-4ED-DE8,7622210396501
1B-EKJB-LWLC,5055319571289
1C-RCGA-LYPI,8718114561660
1D1-5DB-EB3,5010123730222
1D-A0G7-GHUN,3600523582259
1D-HWE0-OL40,5011309058215
1D-KH4M-ZLVX,5053249228624
1E0-7AA-E7B,5011417551721
1EC-CC6-A51,5011417563731
1F-01JN-S4H0,8711700634342
1H-KD3A-85M5,5012254060230
1H-QKMZ-CVI3,5010249152496
1K-8YXV-UQ5B,5010373247013
1M-W99K-K2GD,5010789878931
1N-N5JL-VB2V,8720181104268
1P-HUDD-Y0E9,5000209101527
1Q-26-1130-GH-AM,309976623498
1Q-RPOS-QPLR,5011321772335
1Q-SPFB-8SVO,5000146048671
1Q-WRRQ-40GE,5060087367774
1R-9ZKO-STP2,5029347601096
1R-YBON-WASZ,5029347900014
1S-BX0E-VGGP,3600520752471
1T-24-0713-ER-AM,3607345711775
1T-PKNW-D0JP,3574669908276
1T-RHTJ-6UVM,5010287378032
1X-21-0829-DO-AM,8711577135119
1X-LODS-4KT8,5000204892642
1Y-9KXS-ICQ3,5055319517348
1Y-SKS3-SM2S,5000204880755
206-C5E-F6E,5055319519298
228-B23-310,5011299100123
24-XVWJ-BOLG,5014353089617
259-576-857,8006540815533
25D-0C1-074,5000204170160
271-1DD-2E8,5055319516037
27-7EVX-5S3E,65411183142246
27-X6D2-YQF4,5060194136270
283-54C-13D,5000228009194
285-3DF-877,5012583206484
28D-D29-1BC,7614700005253
28-P0EO-Y4IJ,5411183032422
28-QRBI-CC6M,5055586605076
29-11-1435-P3-CP,4250175812380
2A6-8AE-6F9,5060021369550
2A-I2ET-3WS9,8006540487334
2B-QF1C-PY1H,5000186802585
2C3-D9E-52F,8001090788818
2C-N9R8-12NJ,5000174003451
2C-Z4ZS-8DXQ,5411183078956
2D-PSSL-LTMX,5000386296412
2D-XGA9-R200,5000204073201
2E8-D34-19A,5053249257716
2F1-8FC-7F1,5012583203285
2F-W9Z5-1ZHM,5000204117226
2G-ZVED-PVYV,5055319598194
2H-AIGJ-7X8Q,8710447289334
2J-277K-1CIN,5011962116000
2K-CXXM-BA3C,5053249250830
2L-3PSP-H920,5012251013369
2N-5MTE-PIJM,5015818129633
2O-22-1229-UC-AM,8001841326207
2O-FITO-IYNX,5000204061314
2P-FMDM-1AQH,8710847942679
2Q-77WH-9VUS,5029347000882
2Q-W7LF-YMVT,5013748039138
2R-9AQR-7WDM,8714100012604
2T-XJ27-T68T,8718951291010
2W-W7RR-7K7C,10181032387
2X-1SLN-JXQC,5055319517492
2Z-XNM1-WGZR,5019205010351
304UR034RUI,5029053579290
310-EE3-F32,5053249225715
315aefas1w1,5000167092400
31-YKZM-E487,8714789101279
32-PUAT-RASM,6920354812521
33-IFOJ-WMI5,5000204690088
33-PW3O-IPYP,5014353089280
349-39E-213,5060021361615
34-XH5Q-002Y,5055586605311
3589uy3itb3jhtgb38p,50067237
359-0DF-337,5055319517560
369-EBD-F85,7891035040313
36A-9E4-8B2,8710522386491
370-967-218,40883007
376-39F-B4A,5000146400042
37A-F8F-A00,5060751217459
387700129u09jd,10181041655
39-9O8Y-W0VU,5060110225330
39-NG99-RLI1,8718114562575
3A-2ZOD-YJEU,8717163714942
3A-QFN8-UZ4D,8001090671639
3B3-94C-F18,5017848249398
3BD-F4D-4D1,5010455063135
3C0-139-926,5060021366535
3C0-7F3-F68,5060896628974
3C-YBRV-X2BZ,3600521848920
3D7-D20-FB2,96125571
3D-C703-55H5,5000101504594
3D-SXYG-XLI5,5000204548211
3E6-AFE-14D,5019205001489
3EE-AFC-689,5055319571456
3E-W5Q7-2868,3015810608817
3F8-A98-23B,5011417547687
3FD-C45-FBE,5050375010833
3H-2ZZF-QXFG,5060060211643
3I-LU7K-WVJ6,5060639126521
3K-0XX1-X0FV,5050375087323
3K-3CM9-71TT,5000231039508
3K-V5FY-1BY2,5411183090644
3K-V5FY-1BY2-12,5029347600648
3L-2EOE-NP9U,5050375085343
3N-XYAC-TVUK,5000101508844
3objsfft75-1,8001090589149
3O-YOJS-QB4O,5060060211674
3O-YPSO-K5GR,3600523214730
3P-1ZL5-HEXP,4005900036490
3P-F84J-Y06A,5060021360236
3Q-PC3I-45YY,5060021361080
3qw46tegwq1,5050375099296
3R-7RBI-IGU7,3014230021589
3S-0IK8-HL6Y,5056235400240
3T-QJ5I-34HU,5000204540307
3W-1EIR-VZIF,5029053567822
3W-DVZ8-JXGC,5411183042834
3W-PS3V-WGJ7,8001090742087
3W-Q3FW-UDFQ,5028748108074
3X-F2OA-QZAM,5060021362551
3X-WJHX-EIEI,5020535004453
3Y-72BU-EWE2,5011309050219
400-85E-568,5010724517147
40-BCP4-AGOS,5411183083097
416-B09-0F3,5060267762092
41-PQ4T-X4Q6,8710908799501
436-5D2-105,5012583202493
43-AZC4-ATD4,5059001011398
448-D55-D73,5000204951783
44-QZF3-NZI2,5000204545173
45-24-0658-3K-AM,8006540853795
45D-B7D-A0A,5019205013383
45-LC38-5NIG,5060571821362
46F-73C-40B,8001090711786
47-JNXW-TZEY,5010287314504
47-VI5H-ILO8,8718114216324
4B-24-0743-UR-AM,8006540899564
4BE-008-BF9,5000101135262
4C-24IQ-ZN2C,5011417561706
4C5-A90-768,5011309276176
4D-6LDI-988K,5000204689204
4D-PYVI-04V9,10181140648
4E-1OHA-KZTH,5011309028812
4F7-E2C-756,5000325051355
4G-XME6-TR66,8718951111035
4H-27-0901-JY-AM,5000101514289
4I-G6E8-OUJ5,5060033820070
4L-N34I-64J8,5411183008908
4M-17-0713-PL-AM,3574661384665
4P-6V8G-3Q4V,5020535013509
4P-K6HI-5ADE,5013748090788
4Q-2N9R-Y3VP,5011309026719
4Q-UNEO-RQMY,4008455003030
4R-22-0616-0H-CP,4064666305981
4R-DEQ0-6OE6,5060021364951
4S-G977-TECC,8411582889464
4U-0LYO-DNON,5010373036402
4U-K6WZ-5CN4,5010372018133
4X-1TAD-IM7B,8717644012208
4X-J5WX-M0UF,5900998000349
4Y-DF38-VJZR,5011309026610
4Z-P0W7-D50Q,5029347612962
500-4BF-40D,50167623
50-G4CD-HHO5,5010372012940
517-1AB-79F,8710908181719
51-9JOU-9U45,8700216020763
51F-6C6-99C,8720182374738
52-XNVM-QSR8,8714789913865
530-5F2-AFC,5000204957952
53-7D87-055Y,5055319571890
53B-B73-77F,5010123703431
53C-93E-1B1,6001067021452
541-5A0-B7E,5055319517546
542-E01-18D,5019205010085
54-3B8S-U17G,5053249244761
54B-714-922,3361370086368
54B-941-2F0,50210466
55-ICAW-7J4S,5019205001250
560-C71-CC7,5060021361547
570-781-C9E,5055319516044
575-D66-DF5,5010789509156
58B-878-A11,8008970041674
58-GZSI-D0ZF,5000204061345
592-237-806,8717163545652
59-FDJR-7KMJ,5000386018366
59-J531-JWA3,8720181336133
5A-9SAA-UW7Y,5053249264059
5B6-66E-668,5055586604772
5B-F10F-6S3P,8714789260532
5B-NBB8-U84M,5011417561690
5C4-E18-48F,5050375058682
5C-IFD6-H8H0,5051389014855
5D1-E97-215,3600523977819
5D6-649-7CE,5060021361363
5DD-52B-C6D,5000185106165
5E2-BBE-8E6,5010287476516
5EC-E76-6A8,8720181336195
5F-C166-1KNA,5000204625219
5G-SQUI-74CX,50158072
5H-F3SG-DQ36,5411183073159
5H-FHA9-05FK,5000444014873
5J-JLW3-Q9XV,4210201391388
5L-9QUL-59O0,48256299557
5M-DS1H-77AL,5054805042999
5M-VBHG-33DT,5011417569566
5N-0EVW-8X0F,50047604
5P-RPP8-TJH0,5060128982737
5Q-Q527-FGRX,5029347125004
5R-K14S-JW92,3600523703746
5U-26-1059-QG-AM,8886467000911
5U-5QY8-FHTP,5053249230979
5V-AJO7-9SYI,5055319517386
5V-TMQG-KM1D,5012251007047
5Y-FPLZ-5XVK,5000204883510
5Y-LW4Y-HR91,8411582875030
5Z-IPUN-5XD8,8006540458563
5Z-ZBMM-8HR6,8711577002725
60C-13C-84A,5010287476509
61-1HUM-UHR2,5026445000318
61-68SY-MJ52,8712561483094
61-BLBM-XG6W,5000101152672
61-N8ZH-SJEX,8711577134815
622-FF6-ECF,5012594440075
62-P1KH-O1F4,7702018980925
62-QKYQ-DHU8,5411183177086
64-4K4S-AC21,5000174718058
648-A0B-587,5000146045472
64D-0A3-BDC,5025970023281
657-0ED-E36,4005808663798
65A-FF4-2B6,5011417585719
679-27D-949,5060337727235
67-VNVA-NUPI,5060021367228
685-874-4B9,4003455340147
688-AF5-962,8886467049453
691-206-133,5010062992002
6B8-D23-342,5011417545676
6BD-8C5-319,96186886
6C0-78E-024,5000167002126
6D-3UY0-WS5R,8710908778322
6E-3MVB-EDJR,5025416991174
6E-DCDD-34KR,5029347603373
6EF-0BC-6B4,8718951268494
6E-RYZK-1LUG,5000101083013
6I-2523-GUOF,8718114621371
6J-XF5Z-NM37,4015400853183
6K-1PPC-DH38,5010789954758
6K-B3WS-XKZE,5051389035553
6M-BVW6-GRG0,5060033820896
6N-16VW-LIAL,5060194130339
6N-6D7I-OKJR,5012254059777
6N-ZE6P-6EFE,5019205002486
6O-KBIT-QJ5Y,5011417559390
6O-S6HI-W8BM,3607340724046
6O-YSHC-92FC,8801051111859
6R-FH4P-6PUJ,5020535010812
6T-7VPN-LXWZ,3574660583168
6U-IJIY-S8B7,42182634
6U-K6KC-KSHJ,5000204689297
6V-F6QZ-866F,5060177240994
6V-LXCC-W7PM,10181041709
6V-YBRN-RHR7,5055319559683
6Y-GEC2-SP75,5055172205475
6Y-JLMV-N5PX-1,5010249190276
6Z-ZMII-0OZX,5054805042456
701-3CD-033,5011417559789
703-6CE-669,5060120163424
704-3C2-143,5060060210219
70C-0A1-834,5055319526777
70-FUKG-X1HW,5413149003026
70-LJQF-UZDR,5060087360607
70-NJHJ-ANWO,5017353502452
70-RD6R-GP98,5026445000448
72-I8TO-KA80,5060021361424
72-MKNE-IJ8B,7702018015665
72-PA7O-NPKQ,5413149912212
73-4SWK-H84N,8006540542385
74-27-0727-FB-AM,8700216167093
75A-790-30A,50204649
75B-C0A-2C3,5055319519007
76-5A8H-XIAY,8006540969465
76-71Q9-QQI3,5013931015338
77-4HHG-L9M2,5029347601195
777-DC6-922,8720181079245
77-9F37-B5PD,5010249309906
782-5A6-D20,5055586604765
78-NZO2-IJ4Z,5010508014084
792-0EB-565,5000204731897
79-3EOI-FQ6Z,10181025938
79-GNE8-VFIJ -1,5010724527450
7B-0N1V-9LPD,5060021367297
7B8-FA5-DC5,3600523582532
7B-JF7H-ZKXY,5032227444850
7C-9FZV-TITE,5029347000141
7C-HAVQ-MBFO,5010373106488
7C-HOHO-GND1,5010789215361
7E-W1NH-DDXG,8718114627007
7F2-E57-835,5053249222875
7F-KP3H-NJCM,5411183009059
7G-JW25-TI0V,850000948037
7H-7HRG-NBA4,8001090227911
7I-R2VL-CURJ,5055319517362
7I-ZD5D-LKQ2,50158225
7J-XJ92-IPM3,5010508150591
7L-8KAZ-R44Y,5026827664039
7L-TWLZ-R0UI,5013748062600
7L-TYCB-BY56,5410076443512
7M-4VW5-PTUP,5000325051294
7M-8BVW-GWK2,5050375026162
7N-CNYQ-0KCL,7702018980864
7N-UXKA-F29Y,8711577006396
7O-PZHN-PW1O,4005800258404
7O-XKVK-DZ8M,5010373072769
7O-Y0NR-OGNO,8411582875108
7P-GT5C-3UWR,3600523232536
7Q-1M81-OLR3,8411582875023
7Q-24-0752-QK-AM,5060048580013
7Q-GQXR-USAO,4011700740314
7R-AT6H-GWOA,5060194133798
7R-YJTN-3MUI,6001067025931
7T-8E1I-ZQZ0,5010789878948
7T-UIOJ-MH6K,8720181079153
7U-OIUV-FBRB,5011417545133
7V-80N5-KYW1,5000146048466
7V-PSZZ-6C3R,25929180206
7W-HBAG-2G6X,4004148047503
7Y-5XPS-CRM3,5053249245102
7Z-PTHQ-93X5,5060267760623
80E-68A-17C,5050375085794
81-6LMV-1CDM,5010724528105
81-TVS8-GBS2,5056437400628
82-AG4Z-64T2,5054563180209
82B-CAB-609,5011417558775
82-K85W-SDEW,5060021361905
834-FC3-DB8,48256221800
838-43E-0B8,5010102244825
83E-3F8-96F,5029053561387
83UTY59TUGEHUY3T49OP5OK7UFG9,5000101845116
850-C70-E85,5050375026148
86-1TO5-6WBI,5411183034136
86-IZUH-R2O5,5026445002015
87234yrui34r908gbf,8901030024061
87qw5d41q,5060033822180
89-7AJ3-VNWV,5010249160064
89-CTEP-D5BO,7702018464852
89u348y34985yh349,5012583200680
89u89ji93ji9r4,4056800781232
8A-HOZ8-NNII,5010789404826
8A-ZGAY-HUZW,5011558009402
8B-QHD1-42PK,5010789404819
8C-LJ32-UKVL,5000204716641
8F-1IXU-Q6XG,8712561910750
8F-2UYE-MRAT,5060033822166
8F3-895-F22,5000204886054
8FA-A67-C10,5053249255392
8F-BEN0-YRAT,5060087366319
8F-V2F1-NL0S,5060228456077
8G-4EGT-GG0E,9300632074037
8I-15-0733-PE-CP,8710908052828
8J-4IRY-EQFT,5010404120100
8J-XZJD-ABV8,8001090720269
8K-23V7-GGYB,76171101556
8K-YXXZ-PTWR,5011417566329
8L-A69J-NGN4,5012583105091
8L-MOTG-5UA3,8712561847247
8M-W7BB-RKLB,5029347607449
8O-0OY1-FT5K,5011417539873
8O-FXHZ-76M5,5060194135082
8O-OB8L-ULRC,8718951095182
8P-53P6-AG2D,5010123730215
8Q-9JVA-B44U,5019205000710
8Q-OCIS-NOM2,5011309893014
8R-39E8-P4AN,4008177179150
8S-3ERI-MPM9,8718114650197
8S-P9KA-38QN,5060021360809
8T-21-0750-C8-AM,8711577006419
8T-TYX1-JZR6,5011321595200
8U-27-0834-64-AM,309971370281
8U-OZTF-LLCJ,8718951249608
8V-21-0624-2F-AM,8711577002039
8V-QWNC-MEDE,5050375083608
8W-15-0825-4P-CP,8410874101192
8X-ZM0O-G8WU,3600523232529
91-MF7A-9VGP,5000204171129
91-VGN9-90GO,3574669907682
92-21-0741-EJ-AM,8711577109004
923-182-69C,5029053579504
92-3UQF-89BU,8001841041391
92A-001-431,8718114216478
930-0E8-234,5012008721202
930-0E8-234-3,5012008721004
935-B76-6BC,5014353088108
95-15-0844-AA-CP,802535372009
95-26-1142-H6-AM,5017694104094
95-S7LH-YTZ8,5029053581491
96-21-0959-K0-AM,87298383
96A-2DF-1B3,5029053578309
985-F88-53B,5055319519120
98-UFPD-TQ67,8720181372186
993-472-B7C,5029578000736
99-6IVQ-ZDYS,5032227008366
9A2-395-351,7702018980918
9A-6PXP-18PN,5011417568903
9A-NK36-KRAP,8710908458620
9B-AJ6T-IO7L,5053249253206
9BB-A21-17E,5054563014320
9B-KBXE-R7G6,50096725
9C-K3R4-NHLF,5060194131510
9D-IHSE-67G1,5029347615130
9E-4ML3-6I7A,6920354824845
9E8-56D-D1E,5000204795370
9EF-BD1-AFC,5050375114951
9FE-B75-405,5000204690057
9F-XKDK-8W0J,5053249226576
9H-MDE4-HBNM,5032227445925
9I-G7HE-SGA7,5010789832506
9I-IBQA-VWAR,1313131313131
9J-6LOH-B6K0,8711577006488
9J-ANEU-FNV6,5010789850135
9K-67T5-FKG1,5060021360816
9K-ZIER-EU49,5000231008801
9K-ZY9I-AGWZ,5060133371670
9L-3YLI-1T76,5055319517430
9L-R4JZ-TXJX,5000325052079
9L-TK87-S3K0,5411183007192
9M-JHWX-OLO2,5060021361530
9M-NDFC-KZJE,3141360050001
9M-YZIJ-HE4Q,5029347000530
9N-MJ86-EWVO,5011309028911
9O-NVZC-RPNF,8003520023322
9P-CLZP-679T,8001090592958
9Q-Z7BK-T6L3,4210201154594
9R-J1MR-GFUG,5029347600358
9U-21-1007-R1-AM,8711577016586
9V-MAT1-O86Y,5055319528511
9V-O6ON-KWEN,5019205002127
9W-F2VV-8HOG,5010789444945
9Y-QQKL-LL2O,5000204117257
A12-063-63D,5010724517123
A1-EV4Y-BYEQ,8720181336041
A1-G705-IHLF,5056437400611
A23-500-9C3,5050375085282
A30-F0D-336,5000231050831
A33-40A-4D5,50097494
A3-ZWW5-0MLY,5411183177093
A4C-8B1-634,8592326011195
A6-06P0-XQRP,5011451103986
A6-OXL8-VOOB,8720181336126
A7-ONGI-WABM,5012334006646
A7-UW1M-RXUH,5000204979602
A94-37E-6AD,5000101189760
A9-7YCU-3DI8,5026445000486
A9D-C28-614,10181032806
Aaaffswj4001,8411582889402
AAAFRTR250,5060194133767
AADSCC150,3607343508964
AA-E6VO-5VOR,5060021369109
AAFAL250,5060194132883
AAFEPRPSP19,5011417564653
AAFPIDRWRP19,5059001014474
AAFSMPS100,642498002120
Aafsp250,5011417563878
AAFTR250,5060194132890
AAIOPCCO38W,8006540899991
AALSSMOPPL100,642498014192
AASID50,3412242630032
AASURCR100,642498013850
AB2-1AD-4A8,5000347039393
AB3-019-11B,5012583206415
AB3-539-946,5012583200819
ABHMO426,34285534165
Abpatrc2051,5059001001672
ABSBJGA75,8720182036070
ABSBSGEW950,5060060212312
ABSCC350,8710908705731
AC8-417-B8F,5900998006556
ACCLF500,5060060211605
ACDLF300,5060060212336
ACDMDPF300,5060060212374
ACDMPBH300,5060060212343
ACLLD1.78,8006540898499
AD/EDT/DIVE/50ML,3412242610065
ADBSGM150,5020353049810
ADDEBW300,3574661412672
ADF-64B-F37,7702018978120
Adisbcp12,8001090065964
ADSSHB750,5060060212497
AEDCS118,3614229832259
AEDSSSTF250,5060180815028
AE-JG74-DY7M,5060033820681
AEMDRBJGA20,5059001014399
AE-W3I0-D434,8714789365152
AEWMWBRGM,5060194137048
AF2-CE1-648,5011417559475
AFCPN1L,8411582881130
AFSBI1.5,8411582889525
AFSLCCR60W1380,8411582889716
AFSLCCS60W1380,8411582889556
AGCTR,5029053571485
AGCTT9R,5029053571508
AG-GRKA-PV3X,8411582889662
AGNMSHSFDH70,8001090645432
AG-QI9F-R25L,7350087736655
AG-XQ7M-NPY5,5011309029710
AHBKRR400,5060060213302
AHRSVM415,5037378010923
AH-V7UE-URVU,8711700841252
AH-WWXZ-264Q,8006540555385
AI/TFO/BERR/500ML,5060194134436
AI/TFO/CITR/500ML,5060194134405
AI-6NSZ-6CM5,5011299100024
AI-L80I-MIH1,5012617022615
Airfmrcb1,5011417567036
Airfraaspi1,5011417572337
airwifrenupci37501,5011417565452
AJCCCDCR436,34285688158
AJ-EOYQ-38YH,5000101510939
AJRCR426,34285657154
AK-8MXD-SYY6,3574661486864
Albertbsrc35,8710908182082
ALBUWFB1L,8001480702653
ALDDO2.4,8411582889563
ALDWLPF2.4,8411582889471
ALLDB2500,8411582889709
ALLDR44W2376ML,8411582889655
Allfsbb720-1,8411582889457
AL-NLPM-07L1,5054563123770
AL-OOV4-X3MQ,5059001005113
Ambp3vpirl1,4084500839007
ambpf3vcf1,4015600499952
AMHCBLL1.6,8411582888344
AMLLDP2500,8411582889594
Amplexro,5014697055934
ANBFEWRIL500,5056555203033
Anducwmtb1,5029053572369
AO-98SY-3EYM,5000386101310
Aoacc1501,5060060211025
AOAPWC13,8006540899144
AOWL2784,8001841675626
Apvmmcs1l1,5060060212022
AQ-26-1148-U5-AM,4015100435504
AQ-4LZ3-6NV0,5029347000998
AQ-AIOM-71J5,5060128982751
ARDEOMW30,5059001000590
arfwetwetw,4005900036483
ARTUDSMDPF550,5060060212565
AS/LIQ/GREE/720ML,8411582889587
AS/LIQ/MARS/2.4L,8411582889679
AS/LIQ/PINK/720ML,8411582889631
AS/SANI/MAX/2.5L,8411582889600
ASCCFPB400,5060060213524
ASCIFB400,5060060213319
ASCPAP220,5059001002631
ASFCFLS400,5060060213517
ASFRKS500,5037378010800
ASG3IN1BHFPG250,3607340725289
ASIHCM500,8022297034331
ASQQTP4,5029053019604
ASRS750,8411582875054
ASSIOF400,5060060213296
Astai1tlsp1,5060060210738
Astbfaftp81,5060060212633
Astffhbs1,5060060212701
Astozlkcgag1,48256296181
ASUFW,5011417565308
AT-2PUQ-EYR9,8001090782151
ATTCC12,5029053578279
ATTCC9,5029053578231
AU-1O6O-RVIR,5000325029514
AU-Y9P4-RKEF,8712561847179
AV-2CKD-8Z0G,5000204589467
AV-7KBX-G0TV,5011289002383
AV-FKO5-C6HM,5060021362100
AW/FNU/BERR/375ML,5059001000989
AWAFEPIRSM19,5011417575161
AWCIRAG,5059001001665
AWFASKDRBMW250,5059001011916
AWFRDWRAP33,5059001014238
AWNRALM100,5060283070379
AWPIDRKPSEN19,5059001016126
AWPIRAFPLM19,5011417556931
AWPIRAFWVB19,5011417556955
AWSCFVTC220,5059001002648
AWSGRFOFW70,5059001009517
AWSOPRCLL19,5011417556917
AWSSERFRSBT19,5059001016232
AX-LKTJ-RWIW,5060120160812
AY-PZ8H-RS7Q,8710908400414
B0-B384-M07W,5060120163868
B0BVGBSKKT,8720181334870
B0C-0A4-9E3,5010438019869
B1-KJ3E-UCEM,5060110227198
B1-TN2D-Y4GU,8712561478762
B20-27C-6C3,5060021361929
B26-F2C-A5E,5000325047884
B3-TP19-M8CS,10181040313
B4-G3Q6-O4N4,5055319530385
B5-15T1-7SI6,5060021361059
B5-ZAUF-D96W,3574661656779
B75-860-6FF,5029053550152
B7E-B0A-F6A,5055319519236
B87-D7C-488,8720181336164
B8-J3MZ-DATO,5010404120209
B96-550-816,5050375123687
B96-767-95D,5010612808838
B9-9FAS-V1BZ,5060337728393
B9-XC5V-3B0W,8714789880495
BA8-E80-00E,4056800781294
babrscas400,5060021363541
babrspca310,5060021368669
BAN1PPB25,8006540918371
BAPLC13,8006540918180
BAWRDSPTR80,5059001001627
BB-82DP-X8QQ,5060060211629
BBEOSCL400,5053249255347
BBFPA450,5020042007701
BBFSA500,5020042007718
BBGTRBCSR42,5000325052031
BBONBB500,5053249253350
BBONCL500,5053249253336
BBONSB500,5053249253374
BBRSCDFPG500,5020042007510
BCAFRBFT150,5000325049383
BCAKF,5010075000015
BCFPVCF,5023139301515
BCHH300,5014697026866
BCSD,5013931015260
BDHTTWSMFF400,8710908657535
BDHTTWSSCRM400,8710908657467
BDNTWCMHT400,8717163858226
BDO200,8717163961988
BDSO200,8720181072857
BE-22-0720-AL-CP,5025416330034
BEDTSO100,3014230021039
BEFH300,5014697026880
BEFP1.5,5010789714130
BE-L60V-X7B3,5060060211087
BF8-AA1-963,8886467049460
BF-8CBD-3ZII,5029347009410
BFD-633-1E0,634158641527
BFD-A37-37A,5060021361127
BFF-185-73E,50096701
BFFICWD250,5012251010009
BFFSOC150,5012251013826
BFGCRAA150ML,5012251013444
BFHMCCMH20,8001841659152
BFPHMCDR20,8001841659466
BFRSAA30,5012251013451
BFSSOC150,5012251013819
BG-428Q-WC8S,5020535009465
Bgbpsaace1,5060021364944
BHBTCGSH400,615908426748
BHBTHMFCCH250,615908432213
BHCMC5,50621910
BHCWHP200,5017848249336
BH-KD7F-NN8Y-1,5010249012011
BH-QQIB-CZA3,5010372012933
BHTCDNDLWC600,615908432626
BHTHSKICFH400,615908431858
BHTHTCGG600,615908431568
BHTRRS600,61590843203
BHTTSGG600,615908431537
BHZACOC225,5017848249664
BI-3XUM-3F7Q,5056179301528
BIARCW2.5,5060021360953
biasrp2.5l,5060021367914
BIBFT10010,5060021361004
BIBPSBPW1L,5060021360908
Bicttbvl761,5000185109623
BIDPCB22530,5060021368010
Bifmlrlrsg1,5060021363466
BIFT22510,5060021361028
bigma310,5060021363695
BIGP200SSB310,5060021368188
bigpahsab310,5060021364883
bigpsw,5060021361516
bihssb,5060021360045
BILMPB750,5060021362834
Bimgmpsseg1,5060021362278
Bimgmpssew1,5060021361448
Bimmgmssb1,5060021362261
Biotgdmfm,5000347096938
BIPHA6MSSW310,5060021360076
BIPHA6SSB310,5060021363169
BIPPCWSRM1,5060021364494
BJ-0H5U-RK9PW9,5010373117705
BJ-X3WK-TV52,8717163097700
BK-55VZ-NDIQ,8712561480369
BL/FLU/DISI/1L,18023498124
BLBS4.5,5060144647474
BLCTKFGBF,5060522723967
Blmtalsloe1,5060021362667
BLOGPGWMF500,5010789340018
BLPLC100,8001841709239
BLRM200,5060522721512
BL-VMO5-RGE0,8718951265837
BL-WDRF-CGTG,5010373117279
BL-XJVP-1AUS,5029347615703
BM-3XNF-736C,8001090432612
BM-MZE0-C4KT,8710908178399
BMPLOGPT1,5010789340025
BN-8NGB-2XU3,3600521848289
BNHS300,5014697026842
BN-R7DP-3JWU,5029347005108
BO/POW/BLAC/1KG,5060021361233
BO/WP7/ANTHRA/310ML,5060021369819
BO-G2C3-AAIH,5013931012504
BOITFCB2KG,5060021362599
Bold21wlglc1,5410076709052
boo70,5017848249213
BPFAPVS500,5010789878924
Bphpaasw1,5060021362162
BQ-OFT1-IK4H,5000204853186
BQ-OKIA-6AL5,5060021361912
BRAIARL500,83276251161
BR-E1VB-4MQA,5000185113910
BR-HTOS-UT9H,5029347600471
BR-KUWI-PB2H,5026445002473
BR-M1SS-TR9W,5010724513934
BRMAFW1,5010789729134
BRSSLRL500,5010373040683
BS-12-1133-HD-CP,5056267004065
BSBSG150,5026445002602
BSEDT100,5026445000332
BSPJR4890,5060021362940
BSSIEFP450,5010789713249
BSSWP80,5010789950026
BSWC1,5010373039663
BT100M,5060021361738
BTCBBLL500,5060591034070
btgpst,5060021361509
btha6srsst,5060021360069
BTOWSP250,5010789214890
BU-617Q-SN9L,8720181336201
BUHH300,5014697026903
BU-PEUM-ZZ5U,8006540529294
BW-6ANI-BAXL,8720181094590
BWLGSA840ML,8006540584866
BWPLFWL6.5,8001841709253
BX-1C13-26X7,5000185106264
BYB12OSB25,96032893
BYDOSBCNPPR25,96191736
BYI10MGDOS25,96188620
BYIDOS25,96180402
BYMFM1,5060148523194
BYMSBF1,5060148522944
BYMSMLK135,5060148522258
BYMVDOSM25,96086292
BYMVJDOSM25,96180396
BZ-8YQD-LWCR,5411183090699
C04-5EA-D73,8712561479806
C10-C6C-639,5000231050855
C1-EV05-0MUI,5050375085732
C1F-09C-129,5060120163257
C1-LPPX-NG86,5020535008895
C1-MCKB-KYG1,8720181109584
C2-1QLQ-KSU4,8001841516899
C2ii1tawt,8714789092416
C4-BVCX-8PYS,3600523438051
C4-TVT8-NZND,8720182384805
C4-XJUO-321S,8718951265738
C52-5E4-710,3574661352275
C57-1C1-32D,5060110227495
C59-27B-B37,8711600533806
C6-26-0742-70-AM,5000325049413
C64-815-778,5060337728560
C6-5G6J-DR5P,4005800108433
C66-C40-E53,5053249215044
C7-8DCW-HQ6O,5050375064300
C78-DDE-A08,5011417548523
C7A-651-B99,50375301
C7-IRPR-3AIU,5059001012814
C8-HPYG-R3YL,5000204884869
C8-LPW5-A1VV,5010287365513
C9-12-1350-5Z-CP,8712561493031
CA1-702-4E7,5011417563748
CA8-D57-194,5055586609081
CA8-F79-FFA,5011309026917
CACDSRCB500,8908016224354
CACDSRO500,8908016224132
CAFCF240,5010508189805
Cafdp1l1,5010159630268
Canglcf401,7640110700068
Carmpsc1,5000101968211
Carpivuccs1,5050375083783
CAWT100,6281001101192
CB-27MT-CZLL,5060185670899
CB2-C3C-647,5054805038879
CBAPC400,5010373082782
CBPCECHC40,5011417574478
CBPCLR750,5059001010483
CB-Z8SS-PRM2,8006540542323
CB-ZQ60-7FFO,5029347606305
CCE-BF5-807,8001090965431
CCFCSL1440,8720181320989
CCGUCWSBAOB130,4064666305950
Ccisirs30-1,5053249238326
CCODTSPFWTE200,5017371151656
CCPWFS56,3574661486321
CCSBDS150,3574660149807
ccsgo100psf1,5000101968051
CDIW2.5,5010373732250
CE0-541-B98,8001841232003
CE5WC3EO1,4008177080388
CEDTGSAREW10,5011309100716
CEOW20C5EO1,4008177183591
CEOWLLIV1,4008177141485
CETOW20C51,4008177157615
CF0-722-8A4,5053249220918
CF3-12E-275,5025416991181
CF4-573-30D,3600520921068
CFCB4,8712561587594
CFCHS1440,8720181321009
CFCHS900,8720181331992
cfcp4,8712561587495
CFCUCUCCF1.78L,8720181043819
CFCWL900,8720181331985
CFLCSD990,8720181331961
CFNCFTW42,7322541874722
CFPESAP120,5010373025062
CFSFTW42,7322541870694
CGEO15WA3B31,4008177075049
CGWS1.5,8002910033125
CH/SPR/STAR/300ML,5010508015203
Chabeefrs1,5000386024596
CHRF250,5000101508196
CI/SPR/DILI/750ML,3059940004910
CIF/SPR/ANTI/700ML,8710522809297
CIFBCCBPS700,8710908764844
Cillbanm1,5059001015471
CI-OXQC-60RH,5060021367334
CIW1,5010373732113
CKBPDPWAP200,5056176297107
Ckds200-1,5056176297909
CKODS500,5056176297923
CLMFCAG6,5010212579503
CLMFCAR6,5010212579510
CLMFCB6,5010212579527
CL-RUBI-JMM4,8712561692595
CM10WAB1,4008177179044
CM-1L82-28AF,5029347000561
CM5W20EO1,4008177181696
Cmflwul6751,5000101510793
Cmfowul6751,5000101510816
Cmftcccm,8718951288881
CMPCCE750,8720181013751
CMPCSLBF750,8720182644169
CMPCSOL750,8720182644213
CMSDSSF500,8000770400644
cnps500,5010373142806
CNPS750,5010373142813
COLPP500,5900627008203
COM/FAB/PURE/540ML,8710847864360
CONCACMSAO354,75724389779
CONCMMT207,75724005150
CONICTAO354,75724252028
CONLICSSAO250,75724252004
CONSMSAOSF354,75724251991
CONSUMMSB354,75724219311
CP-6KA2-SMC0,8712561482318
CPAPFCL5,7615400106240
CPDFOE1,5010373105511
CP-EIRI-ELJW,8001841709154
CPFCSD66W,7615400832934
CPLC20P,3574660038408
CPSKS700,8710908765421
Cpssgc750-1,7615400107186
CPSWAC1,5010373033715
CPUCFC870,8720181092954
CR-A24C-MVMS,7615400179688
Crgm5001,5060060387188
Csbw5001,5000101968136
CSGMI500,5010373019504
CSIRMPT75,8718951396203
CSLSPF30AGWR200,5017371153278
CSLSPF40ASDLK150,5017371150789
CSMASEASISB,5014749124342
CSMKSL,5014749124335
CSPSSPF50,5017371156613
CS-UW5C-MTIN,5029347601089
CSYMSS500,5060060388062
CT-2I94-Y2Y4,5029347112004
CT-5YTC-VVBG,5055170260490
CTAF75,8714789615479
CTAMMM500,8714789917146
CTFMG75,8718951576193
CT-GKSU-OEBC,5012583200789
CTR5W40MO1,5010373116746
CTRT1655W30MO1,5010373116593
CTRT3010WSSM01,5010373117248
CTRTEC175W30MO1,5010373116647
CTRTEC195WEO1,5010373106327
CTRTEC215WMOFS1,5010373106402
Ctsfp40-1,5053249257730
CTSS14,5012654201424
CUCFCFP36,8710908006197
CUCFCFS540,8710908006227
Cussmcbs1,5000101508868
CV-3OT9-CZEX,5012008721103
CWMC500,5060267761071
CY-87C4-0G50,5055492703804
CZ-LGO1-EQDF,7322541188270
CZ-RDI7-86HY,4011700740291
CZ-UJZG-6HPV,8717644331750
D0-PX4S-7C0Z,8411582875122
D0-YODU-87G0,5011417563441
D1-1HIL-42CQ,8003520013040
D1-SOLY-INDV,5411183112575
D1-TIJT-53UW,5060033822227
D2-DRM7-PHSI,5029347000042
D36-172-3D4,5055319517577
D3-WM1A-ANV5,3574669908108
D48-595-30C-1,4015600515027
D4-WJC5-ZLBI,5060120167040
D5-LMJE-GIAA,5000204539752
D60-89B-145,5012583105084
D6-S7ZK-MHIG,5010789741006
D75-02E-038,5012583002796
D7B-2E2-DDB,5055319529556
D7D-1AB-73D,5000101213823
D7-Z72N-JCHG,5060060212732
D8-22-0725-17-CP,761828009926
D8-51GH-ZDTP,3574661427515
D90-B5E-7E5,5050375055360
D97-937-3AC,5011299100154
DA7-D9B-D90,8411582875016
DABHHGWAV50,5011417566299
DABMSWTCCP80,5011417579930
DABOBSTP2100,5011417554876
DACWK1080S,5013655012743
DAIOWLCWC54,8006540734841
DALC1,5011417563625
DAMCFP750,5011417588765
dapcwldwc12,8006540953457
DAW50,5013748090740
DBCNBC75,8886467020094
DBDBSBI150,3614228210713
DB-MEZU-IDKS,8711577130664
DBMLLDSNB25,5010287420007
DBSRM200,8710908657900
DBWAS750,8712561256513
DBWNS225,8717163762004
DBWSJGLFRW225,8710847933271
DCAPHWDC500,8720181054242
DCBBJP,5013931016069
DCB-D55-A34,3574661529219
DCCMPLS24S,5000325052604
DC-E3LF-85AK,8711577270575
DC-NFKU-07ZB,5060639127498
DCSWALM72,5011417575765
DDLLO500,5000158066250
de/dis/line/400ml,6001106228422
DE/P&P/BATH/1LT,5011417563458
Deepfcs1,5011501016167
DEP1H6R,5013931014935
Detabscs4401,5011417555767
DF-CVWZ-XSEH,3574661087290
DF-ICX7-IXDG,5053249237480
DFMCD4I1C750,5011417588802
DGCBLL400,8710908777769
DG-DXBD-U7FR,5029347000066
DGFADAWT250-1,8717163676721
DGFROACP48HR50,59096757
DGFRODAWT50,59079569
DGSGO125,649010751900
DG-WYXT-625N,5055319571272
DG-ZXIM-FZVP,3600523434602
DHABLC250,5011417559215
DH-GCEA-BYZ8,5060021360991
DHONPPO75,711716145410
DH-OS3G-ECHK,5413149600898
DHWABMG250,5011417559178
DHWALNH250,5011417559222
DI-8S6N-2LRP,4005808890576
DJ-WP4A-XQEK,5010249041172
DK-NWD4-285T,5060228452888
DK-OEBE-K3VR,5000386111838
DK-RU5A-USMX,5055319514279
DLSHWP750,5011417591338
DL-XXFY-6LKU,5059001009371
DMCHWP750,5011417591147
dmcpafada150,8710447491645
Dmcsafads2501,8717163627099
DMCSCC355,897127000774
DMCSFCCM250ML,8710908352188
DMCWC105,5011417575895
DMEHG64,897127000903
DMNLRKR1A,897127000224
DMPPBW3,5010212439579
DMPPBW6,5010212439586
DMWUBSWLDDR,5013931012191
DN-2H00-ATUH,8712561982641
DNHPPN,5029053536262
DN-RKYS-XC0I,5411183090675
DO/APA/PEAR/250ML,8710908559204
DO/DEOW/POWD/150ML,8720181287626
DO/DEW/FRES/150ML,8720181287589
DO/DEW/INCA/250ML,8710447244647
DO/HAND/SILK/500ML,8717163573792
DO/MOU/FAMA/150ML,8710847962769
DO/SHO/CLEA/250ML,8717644627624
Doahsyvcts1,96104590
docabaindcr50001,4000388176904
Dovebocb,8000700000012
DP5TRBC,8710447222607
DP-A09M-CGFM,8006540938669
DPAPKCS1,5011417563489
DPBWSBV225,8717163762035
DPLGPBWWM1.25,5010212400999
dpoblccan600,5011289002703
DPPBWS3,5010212439555
DPSARO50,96048054
DPTRBO,8710908458675
DPTRBPM55,8710908879258
DQDSPMSPBW750,5010212585108
DQ-R61U-Q9IF,5011309067316
DQ-T0AJ-YH2R,8001090704641
DQ-TC2U-P0LD,8411582875061
DR-BMD3-4KQB,5060571821478
DRBP,8717163349885
Drbseis1,5010287376526
drbsiwmc1,5010287483507
DR-VGYP-M03N,4005808130573
DS251F25S10SA,5011417552995
DS-2621-FFQJ,5060322952291
DSFCON500,5053249255965
DSFCONFL500,5053249255941
DSISFHRS,5013931014942
DSPAFBH250,8718114622149
DSSHWPFB300,5011417591130
DSWHBGOKC,5013931014966
DTCPFBR12P,5000204885095
DU-C1FX-SU3I,5050375107632
DV10DNAARAOVE50,5060337729819
DV10DNCAACAOVE50,5060337729802
DVCBB220,5060087361895
DW-7QNE-ITWB,5000325051522
DWKFA800,5013655004991
DWLWC20,8001090704764
DWPWC650,8001090920362
DWSMPB5,5010212644805
DWSMPBW7.5,5010212459201
DWSMPCC5,5010212644553
DWSMPS5,5010212644584
DZ-ZPTL-RMN3,8711577108946
E0-OPCF-Q8PD,8711577004385
E0-VX2S-TACF,25929180381
E101MPLOPN1KG,5029347001117
E20-D4E-9AA,5055319517553
E404FPFW5,5029347004453
E40-7C6-AE8,5050375085497
E4-AWRS-KN09,48256291063
E502APWWA75,5029347612924
E58-BDD-A82,5012583201885
E5F-DA8-881,5055319519021
E6-AEA2-MIMA,5012583002819
E6-Y4NJ-Q7AR,8006540917763
E7-3FYH-8M4Y,5011451103979
E7-8YQT-2MLN,5055319517409
E7-BMFK-RCO1,5055586605328
E8-4P1W-EK43,5060060211827
E9-XE8R-9ZJV,5060021368003
E9-Z99U-97M3,5060021361097
EASWLBEFHSB80,812429037082
EASWLBEFHSG180,812429037396
EASWLBEFHSG80,812429037389
EASWLBEMHO180,812429036221
EASWLBEMHOY80,812429031196
EB5-5E4-1B0,5025416881031
EC8-D70-951,5029347606152
EC-BRVC-LP8G,5010071900333
EC-LQ8C-J74D,5010789878900
EDCCUMSDIS250,4005800036798
EE195PSASW300,5029347609535
EE335PCSST295,5029347601294
EECLSSW295,5029347601461
EEFMISW295,5029347000134
EE-GN50-EUP8,8006540994511
EEOCIWC1,5029347612658
EFS300,3068320012490
EG-27-0803-4N-AM,6291105153263
EG-652T-WPST,5055319519250
EGBOS500,5053249263755
EGCALRDMC250G,5053249263717
Egftclf5001,5053249253183
EGHDDXT1L,5053249261133
EGMAMSRS700,5053249260037
EGPC7,5053249238593
egpssg280,5029347608965
EGWAFL600,5053249252759
EGWULPB600ML,5053249252773
EH-L8RG-23RG,5055586603195
EI/COND/ARNI/1000ML,5055586607162
EI-IO9Q-OLRO,5010212644768
EISGP20,5029347900069
EK-57CC-XRKR,8720181228650
EKLICDS,5020535015954
EL-760A-8UX6,5411183083059
Elbglwul1,5053249252735
EL-PVCG-F7T5,5010287314603
EMIMAF500,8801051295009
EMMMAF500,8801051294460
EM-RPG8-EDU8 -1,5010789720353
EMSWLBAR250,812429039147
EMSWLBO250,812729039130
EMSWLBSB250,812429039154
EN-FR34-QBKL,5011962998026
Enlxluyhg1,5055028321557
EN-O3SU-U0DP,5060021369291
EPSFGAW380,5029347610081
EPWMMAR5L,5029347606312
EQ-27-0648-7A-AM,5011417590881
EQ-3QAM-CMZS,8801051109962
EQ-5XT5-04DA,8001841481913
EQ-E0JD-TV7L,5055319576673
ER-7QGA-XVVG,5410076390830
ER-85G1-Y2HE,5060180032524
ER-9ZR2-KR2N,83078001445
ES-27-0616-JX-AM,4023103123908
ESFAV300,5060128983536
ESGMSAV100,5060128984137
ESIGSGP50,5029347602345
ESMB5,5055047209096
ESRSSOT,5029347603618
ESSGAOMHAF946,748378003178
ESSGCOMHAF946,748378004342
ESSGFCWH236,748378001051
ESSGFCWHP473ML,748378001020
ESSGKMHAF946,748378001150
ESSGOOMHAF236,748378001105
ESSGOOMHAF946,748378001594
ETCABS,5011522161877
ETCALL,5011522169958
ETSRF50,5011309895513
EU-THFK-TINA,5050375099326
EV/LIQ/SUSO/500ML,5029347601904
EW-GVBX-KKJ1,5029347600921
EW-LOB8-GFHY,8711577001902
EWULL500,5000185114658
EW-W4OZ-VWOE,5411183131231
ewyt4enbr1,5053249236193
EX-GEQC-ODND,5011417566343
EZ-TP8D-C2DJ,5050375085435
F00-73F-764,8720181000393
F0-R6DP-B99J,5014697051301
F13-095-C29,5025903021902
F1-OCSP-6XK4,5032227443044
F24-052-871,5032227449107
F2-U9N4-RC32,5000185113934
F2-X24X-BZMA,5060021364401
F2-XV7Z-4AKW,4005900568984
F3VAFPIDRSD,8001841869704
F51-CAF-0B0,5013912909342
F53-C51-020,5411183135703
F5F-F21-204,8901030483837
F6B-F9D-397,5059001015532
F6D-17C-0CD,5055319519243
F6E-4B5-5AD,3574660649895
F71-10A-6E9,96007075
F7-8A3I-ND2O,6001106228446
F84-6AE-52D,5010287362000
F9-9W0K-9AYU,5029347000097
F9-E7CX-7DJG,3600522497233
F9-L1TR-WDXW,309975122060
FA/ORI/PLAT/383ML,8700216003490
FABCLBMS500,5011962030061
FAFPBB,4084500838970
FAFPIDR3VVM20-1,4015600958527
FAHVM30,5010249190146
famapoorwali66001,8700216004619
famapotetranwali66001,8700216004589
FAMCY226,41500007229
FA-N7CL-C37F,5055586607056
FAPCCSAB1L,8700216366779
FAPLCCF1.5,8006540938812
Fapmscl1l1,8001841542287
Fapmsfccb1.5-1,8006540938799
FAPPIDRSAL,8001090555120
FB-2AOU-F8LQ,96032879
FB-7XA8-M8H1,5012251007955
FB9-702-0C3,5016221201176
FBAFSPD,8006540368022
FBCWADB500,5011962030436
FBEBCCPC5,5029347607852
FB-ZEGG-T5BJ,5000325014480
FC0-C39-E62,6001106228439
FCA-48F-AAD,5028748002747
FCCCRWH300,5060627510134
Fcd110tec-1,4002448086079
FCFFFL400,5053249243917
FCS1.82,8006540487273
FDWLO383,8006540723463
FDWULMPL370,8006540422618
FE/POW/INTI/200ML,5000167014174
FF-3D9Z-G4LL,5053249228662
Ffcbs1l-1,8001841542430
FFCLSO83W2.90L,8001090124920
FF-CRKC-96G2,5000204043976
FF-F62R-3URA,5012334005649
FF-FAKC-3TEW,8710522806326
FFFPC375,8006540897560
FFFS50,8006540487457
FF-HCQG-NN4E,5055319571364
fgnhmjdgdfk1,7615400106592
FG-YJ7G-1ZE8,5012583206682
FH-28PT-33DX,3574661547046
FH-7TA4-HTI8,5053249247151
FI/DIS/REGU/4ML,5011417548547
FI/DISH/LEMO/4ML,5011417548554
FI/RIN/LEMN/800ML,5059001013996
FI/RIN/ORIG/400ML,5059001014023
FI/RIN/ORIG/800ML,5059001014016
FJ-17DD-15EG,8712561306409
FJ-A36Q-UPH9,5029347606619
FK-8FCT-OWO8,5059001010117
FK-D9MG-10ZS,8711700927673
FL-4G7I-DAJ2,5060021369185
FLCWDLFB1L,5011962995704
Fmameta1,672935849384
FMPWULCB640,8700216004718
FMWIADS200,81779010285
FNBFCLLD1.78,8006540946749
FNBL,8001841670348
FNBWL35W,8006540946794
FN-X09Y-GC6Q,5000204116717
FO-C8PZ-705J,5010789464943
Fonbfc35-1,8001090707307
Foxycl5tc1,8008260011653
FPABWULE820,8001090430885
FP-W4Z5-85QF,8720181004926
FQ-53I0-EQL0,5050375085251
FR-1W2I-09TF,4011700411115
FSCB12FA100030T,5010249011663
FSCDLCWS200MG60T,5010249024885
FSCGCB120T,5010249042315
FSCGK500MG30T,5010249152526
FSCHHPA60VC,5010249190245
FSCOOPDA50MG90C,5010249050808
FSCPC400GM60C,5060192236088
FSCVECWC100,5010249011557
FSCZLWR36L,5010249319004
FSDOB500,40822938
FSGAW250,5010724525944
Fswdkcl800-1,8006540730454
FUFRS500,8001841909950
FU-SJKD-DDVD,309974755634
FVAFPIRFPO,8001090233547
FV-EQBK-MXPE,5051389022058
FWULL1015,8006540994399
FX-4WVL-JZDG,5000325005853
FX-D4OK-221V,5060120161789
FX-FULE-PAFI,5029347615673
FY-B1WG-NFPS,5060214390514
FY-TMDY-1LWK,5029347000080
G1-4221-1S74,5029347612955
G1-Y4CX-BJ72,5029347004415
G2DRFM5UIP,3014260287030
G3-V3L2-9TWG,672935839385
G4-U99D-5WIP,8710908182105
G5-YG71-SMAP,8711577015961
G5-YH2C-78DQ,4005808130115
G6-QYF4-KOFU,5410076390717
G7-B294-7DOE,5000174709629
G7-BCPH-J63G,8411126046360
G9-QFP7-X4TB,5019091500691
GA-9RQC-SM52,5055319517331
GAAFSCW300,5000204249859
GAAFSOA300,5000204070279
GAAFSRACC269,5000204167856
GAAFSSF300,5000204297409
GABHW15,5060110227655
GA-CZ5K-RWAE,8720182374868
GAFRZ300,5000204771749
GANEA380,5029347111007
GASBCC100,7702018255467
GBSBTSS300,9356419000577
GBSCDS300,9356419005428
GBSRCH10,5017353503718
GC-C7D2-XI7F,5055319510332
GD-QHJ1-K3XT,96038802
GE-R909-ZPZ1,8714789895536
GESORPPP20,5000204145007
GE-XAFP-CQVI,5055319517461
GF-XN32-O59Y,5060021368171
GG-8PGM-NYCX,5012583203261
GGFBEWGLE16,5012583210900
GI-HO01-HQEC,3574661684314
Gillettef5s1,7702018464692
GJ-0B1Q-DZIB,8901030050114
GJ-222M-67XM,8711577108984
GJ-H2XA-AQ63,5000146048442
GJ-O346-UYR3,5411183083073
GJ-PDSK-J696,5060021362643
GK-22-1218-U1-AM,8001090989932
GK-42FD-DXA7,5060194137840
GL/CAN/SAND/120G,5000204625004
GL/REFI/PEON/18ML,5000204074970
Glahllscle1,5000204251586
Glasnvmav1,5000204589436
glelscoihore2001,5000204117554
Gltafrafmsm1,5000204087260
GM-3PBE-AUDI,5032483001958
GM-7MP3-BDFT,5011962539991
GM-LMLN-FF3S,5010789445362
GN-26-0904-OJ-AM,5000325052642
GN-H15I-HNFN,5056307397300
Goldbogg1,5010105001760
GOPHDCG9.30,3600542408196
GOPHDPG10.32,3600542408202
GOSF425,5053249241852
GPCTFF10,5000204958225
GSAFRACC18,5000204225952
GSCACC129,5000204273939
GSCL18,5000204522150
GSGSRFM,7702018498543
GSHMUBHRRW380,3600542571609
GSMSBVE240,7702018604180
GSSGSS75ml,7702018980857
GSSRVB18,5000204598926
Gsstpsaj2181,5000204927696
GSUBBCBSO300,3600542596794
GSUBSSSRW300,3600542592864
GS-X2V0-H2SI,5012251012249
GS-YMIF-FG6B,3600522943457
GS-ZITU-7XUT,5060025370026
GT-V6S9-1D3J,7702018980819
GUBSBACWDH60,3600542413800
GUBSBGRFWDH60,3600542373319
GV-BHM9-V5YE,8006540996881
GVRWRD3,7702018529896
GVTBDRDES,7702018438563
GV-YK8E-8M92,5060033820186
GW-364X-FV9N,10181042966
GW-QMIA-KV2T,5012254060223
GW-UAP2-AV5K,8710847950223
GX-0HIW-XMBP,5055492703811
H1-DUQI-07UX,5055319559669
H1-UIXB-K6U4,8710447408537
H2-APRV-MDXQ,5010789504588
H2-C58D-BREX,5029347610210
H3-5K13-76ES,5060060211612
H3-AOV8-9E85,5010622005029
H4-1PJE-WS53,4084500205888
H5-A6G1-9KB9,5026445000462
H5-MWZX-PD0R,5012583204978
H6-GOG6-8FJL,8710847994159
H6-IXVH-F4LF,5055319517119
H6-RMX4-98YRLS,5010373117651
H7-193B-OKQS,5055441446493
H8-BU09-JG08,5014353087835
HA/CON/CHER/100ML,5026445002558
HA/CON/COCO/100ML,5026445002510
HA/FOAM/TRO/200ML,5099821113674
HANHPA280,5013748039145
Harbwascf1,5011417558782
Hargefhash1,5026445002732
Harghhas1,5026445002718
HC-15-0920-PI-CP,38276009007
HCWRCPDFAVW500,8711577055165
HE/SHA/SHIN/400ML,5011321594470
HEDHSOBPAAO100,8001841838434
HE-FTDN-BFI2,5012583201915
HEHHOCA100,8006540311943
HEHMCCMM20,8001841659572
HERMAOOMRB250,8001841275246
HESWMAOFDH430,8001841990354
HF-64H9-W52E,5060021360984
HF-I01A-K442M6,5010373117835
HFS125,5056235401742
HFSG60,5060638590613
HG-95BH-SSI9,5060021361042
HGMCGCERGD500,8711577012137
HISCIWRS500,8711577235857
HJ-AM4X-MJFF,5056179301597
HJ-PCOO-X4CA,5900627092554
HJ-Z6MZ-H0T5,5055586604758
HLCSRLFS1L,8711577009410
HLSCPCD1000,8711577014131
HM-7KAG-EIZ2,8711577013585
HMCRGCDC500,8711577091606
HM-O5MF-EP8J,50204564
HO-P6ID-UQNQ,3600523586370
HQ-BWGY-FOLG,5024259001125
HQ-SP64-W27F,8711577012151
HR-DETN-JODU,5900935002313
HR-UOSM-ISUA,5029347900045
HS-4WKM-5PRF,5060177241052
HSADSAFHSH250,5410076230181
HSAFS500,5410076230280
HSARCRWIESM50,87298345
HSATRCWRTSM50,87298369
Hsgwaef2001,5060638590590
HS-HGBL-DVZ0,5029347000585
HS-MRB8-4W3J,5055319571333
HW-8AMP-2440,5010789878764
HWPCLWMFT300,8711577270674
HW-U4M3-VW58,5055319529884
HX-5T3C-QO6N,5060571820501
HX-7XZ4-AU02,5013748090610
HX-XU6B-B59A,8411582889501
HY-4YDX-F3PH,5060194136904
HY-R1HZ-YFT8,5012583200741
HY-WJ14-E2ZJ,5011321921870
HZ-QBW9-QH57,3574661087276
HZ-U1FR-HVX1,4000177836002
I0-8OLC-GURW,5000101226847
I0-NP1L-VVW5,8711577135331
I4-IDDA-1SQW,5900998000325
I5-MHQ3-MN2A,3600522626077
I6-4XNH-16CN,5411183042858
I6-PKYZ-BPUZ,5011807048909
I8-8096-8ZYO,5026445002817
I8-GOFH-XU2C,5050375085589
I9-HACH-IAIY,4056800781263
I9-SUSE-H4SF,6920354826191
IA-8ZUG-9NFY,7702018978106
Iafvac3001,5012334006356
IBMSRRAOO150,8710847996429
IBSLFT75,8720181399756
IC-EP28-F8HR,5050375085404
ID-3IXT-PCD5,4012273123009
ID-L2QI-7OHV,5019205001427
ID-NU76-W8S6,5010789878771
IF-26-1211-WD-AM,5037378010763
IF-GSIN-WH89,5010789214562
IF-GSIN-WH89-3,5010789214944
IF-UZOW-ZKSL,8006540918814
IGBGP180,5050375085466
IG-LE4I-OY6U,5010373106440
IH-BMMC-20YZ,5029347603380
IJ-W4JH-OVE2,5012251010412
IK-01AT-SHQW,5050375084148
IK-7VYK-X19K,8006540358672
IK-FJC6-FXLU,8717163635902
ILMBSCFVO500,5000101509872
ILMBWCFVO250,5000101510977
ILPFBMCB200,5000101510250
IM-F5G2-H3UK,8720181303210
IMPBSMRM500,5000101509896
impelegece410001,5000101082214
Insafswb3001,5012334002365
IO-8LRJ-AHDJ,5011417572269
IP-M2OL-6H4F,5029347609450
IPPBM100,8720181073489
IPPPSSBM150,8710447241776
IP-RGPG-KQC9,5060021360328
IPTSGRB3,4260285375996
IQ-1JOS-CZL2,5060614800088
IT-AIPS-KVSN,96033531
IT-B5PV-WOU8,8710908181092
IT-I8G6-XQUG,3014230021404
ITTBM100,8720181073496
IU-5TQW-03SG,5050375097704
iuhaionasi,5014697056979
IX-LE7N-3PF4,8720181336096
IY-SO8D-GLJE,5037589000201
IZ-1E5Q-RU8X,3600523215911
J2-0HTU-83NV,5060021367983
J2-0PRO-Y76F-1,8001841691299
J3-21-0656-HY-AM,8711577268930
J6-VB95-STIU,8717644721421
J8-13PR-OHNE,8714789726137
J8-WSHA-AYEE,5029347603977
JA-FTTD-S72G,5055441446455
Jbbl3001,3574669908177
JBNP400,3574661728216
JBSNTKGCS300,3574669907880
JC-9FPZ-6Z8S,5000347037689
JC-IZQ7-OKJ9,5032227444614
JD-0ZU4-5C0R,4008455526010
JD-8LLO-Z143,4005900776143
JD-LZ5D-LCJQ,5055170280894
JDMUS750,5000325050259
JD-SOCD-1Y24,7612894370546
JE/CLEA/BBQ/750ML,5000325050235
JE-7724-6ULP,3614223414222
JE-MBIA-ANR7,8001480718906
JGAOBSW72,3574661422398
JG-D5QD-BIFU,4005808795697
JG-S5TY-UTKW,42231332
JG-Z6BE-MVCI,8411582875078
JG-ZC5W-A821,5055319526845
JH-2KGH-PZFB,5060110225316
JH-79Z4-TVLX,8720182374851
Jhlsml73-1,5030104005088
JH-ZSDC-WYJD,3574661087245
JI-NANT-TY68,5060021361370
JI-O5FE-YOTA,5000185102792
JL-JT4F-5D1A,8711700927598
JMCCSFW96,35017008923
JMFMCS88,35017009029
JM-P4ZA-G06F,8710447275306
JM-XISL-JV1J,8714789615301
JN-1VQ7-T9OO,8720181174599
JO-YQ4L-XCT2,5060021367709
JP-YJTU-P1R7,5029347601393
JQ-I498-0BDJ,8720181079139
JSDKS500,3574661427782
Jsmlb73-1,5030104005101
JS-ZUF0-42G2,8714789726229
Jtcmsc73-1,5030104005149
Jtcmsp73-1,5030104005187
Jtcse73-1,5030104005125
JU-DEBN-SYMB,5055319517102
JV-4VPU-SXQ6,5391520750199
JV-M78U-NAZC,5012583204640
Jvrbbl4001,3574661656762
JWMEDCSFM88,35017008145
JWMEDCSFW96,35017008657
JX-RMH3-KXH1,5010789444815
JX-X34E-XMIF,5053249239064
JX-Y7CW-RLAF,5056437400307
JY-27-0956-CV-AM,8001841324883
JY-48ZW-V0H3,3574661352817
JZ-68UY-45OW,5029347000547
JZ-K7FX-S7QM,5050895167635
K0-TYQU-XE7P,4015400623496
K1-2VO8-PF9C,5000204957778
K1-CWA9-T79B,5000101845208
K1-ELHG-WMPF,8710847994166
K1-H7DJ-XKK1,8006540487211
K2-3H3E-9YL5,8720181109591
K4-6WTA-BL9S,5029347000554
K4-T772-9ZKC,4011700411801
K6-230N-3YUY-1,8001841691268
K7-26-0855-TZ-AM,8006540422465
K7-DMJ9-ZJ91,5060025370019
K9-10M7-MC0N,8001090567260
kbmpcdlr400,5014353088054
KB-NIF4-NOY7,5011309028218
KB-YHBG-0O8Y,5010249028524
KCC48,5029053038759
KCCTDIAOM-12,5029053578156
KC-GOTC-ZUX8,8711700887922
KG-ATQH-SF9O,5010789400361
KGCSRDTGL500,5014353092433
KG-QIC6-UVAZ,50067251
KI/BRUS/GEL/160ML,5014353088078
KI/GEL/MOUL/260ML,5014353089174
KI/MOUL/SPR/500ML,5014353089327
KI/SPON/SHIN/BLACK,5000204658064
KJ-7M69-VS0S,5011417561928
KK-YULX-BBBX,5060120161024
KL/TISS/EXTR/40SH,5029053581514
KL-9ULB-RCLO,8006540938683
Kleenet8ps1,5029053560762
KL-QALQ-RWH0,5060087361000
KN-GB1M-CNL2,83078421144
KO-186V-551B,5029347601072
KO-ST4A-C7UV,8001841489254
KS-10-0824-RG-AM,748378001242
KS-5T61-U8Z8,5056176297091
KSAWMCFLO400,5014353088702
KSESSN7,5000204660159
KSPHGC1,5000204655360
KU-5T1N-NJFZ,5060896623337
KU-RJ03-LFLS,8717163635896
KV-TRMD-QOZQ,5010372012926
KW-6ZFB-SXWE,5411183090668
KWFACW40W,5029053583099
L2-4FEX-4NIA,5017289001890
L3-1NSF-XMPV,4251758400376
L3-H8QU-RRKU,8411582875009
L3-PB07-H3R5,5000204951752
L4-N8V0-6KL9,50204977
L5-AWCE-2ESE,7702018015252
L6-KB3G-D8LL,50210404
L6-KDMA-HXUV,5019205000246
L7-7OCL-T80O,8711577236052
L7-XBV2-H0ET,5010724527511
L7-Z57T-DF4D,5032227446007
L9-3Q7P-2CSN,5055319571210
LA-OCIJ-8MR4,5050375037175
LA-UQ0K-NEWL,5060033822067
LA-ZUBF-1BHZ,5010249028517
LBAPSGCOAYY400,8717163699201
LB-HL3Y-U6UX,5010789510398
Lbisbjwcco80-1,8886467064388
LBMSEBEO80,8886467000584
LBWMOWJOOF600,8886467000898
LBWWOOCPOF600,8886467000881
LCCTFBOBF30,50841363
LCCTFBOC30,50841288
LCCTFBOCF30,50841295
LCCTFBOR30,50841325
LCCTFBOT30,50841318
Lcreb5001,5060033821039
LCSPHDWIH80,3600523386352
LD-J05Z-GA9L,5411183154278
LE/UNST/ARIEL/320G,8001090781956
LE-0XNL-03LB,5012008721301
LE-DR96-AEWI,5060021369802
LEECRS250,3600523214501
LEFR5C400,3600523882373
LEFTC200,3600524056308
lenlpiwbsa1,8001090782038
lenlpiwsbsb1,8001090782113
Lenlpsbgo1,8001090782045
Lenuiwsbbf1,8001090781888
LE-VEA4-MCEA,8006540898567
LFCOEF30,8001841672946
LFCOOBCC53W742,8700216401227
LFCSA2.983,8001090124951
LFCSB2.9,8001090124999
LF-M7U7-SUAV,8711577002916
LFSPS190W3800,8001841924281
LFSSB4,4084500299047
LFSSB4L,4084500299016
LF-UXWK-WS1J,5012687470019
LF-VO8V-A8BC,5010249053656
LGPEDTNS85,5055170281006
LH-1B1W-VBPJ,10181041808
LH-9AYZ-7P9X,5010373246122
LHWC250,850005911838
lifbmegpo6001,5019205000260
listeegude25001,5010123714246
LK-LD7Q-6KQK,5000146048688
LL-GSYH-QW6C,3600521843925
LMCM250,3574661699042
LMEADIS250,3600523434725
Lmemdhsg1,3600524030117
LMLM500,3574661684307
LMMPGMM500,3574661684345
LMPSMMM500,3574661684338
LN-GWKG-0C1F,5025416030439
LO/HAI/MARS/30ML,3600523385409
LO/ROLM/BARB/50ML,3600524076719
Lopb334621,8001090719683
Lopedlsdc2501,3600523586851
Lorecpc2501,3600520432472
Loreexonsw1,3600522713203
Loreftc2501,3600522496038
Lorpapcfwfms1,3600522783220
Losa334621,8001090719560
LPCGMBERA50,3600523305971
LPEEOCNC300,3600523610280
LPEEOMSFDH100,3600524135768
Lpeftc2501,3600522499602
LPESDLLHR250,3600523583324
LPHERGW200,3600524068363
LQ-4QVX-JUGF,8720181197697
LSBNSFSSPB176,8001090782120
LSEHPHFHH250,3600524135300
LSIWSA1L,5060033822685
LSIWSB1L,5060033822708
Lstfralosb80-1,8886467064357
LS-VSJI-QODR,5012583210122
LT-9P54-ZJGP,5056179301702
LT-T89H-YG77,5053249217857
Luiwscb1941,8001841517001
LUX/SOAP/VELV/3X80G,8886467064364
LV-YZA7-VBZ2,5029347601119
LW-GTWK-L5U1,8711577003906
LW-TB6A-O2C5,810020170948
LY/SHG/BLAC/500ML,8710847925092
LY/SHG/GOLD/500ML,8710847925108
LY/SHG/ICCH/500ML,8710847925146
LY-CYQS-SMMX,5060021364371
Lyng12rfsg1,8720181079184
LY-XIKJ-JS1E,8006540358627
M0-5M7I-7XQN,5051389044869
M2-15-0907-GX-CP,877917000429
M3-087P-U1E1,615908426717
M5-LQK5-QSIW,5011501016136
M6-GI1R-EQAT,5060021362568
M6-OLY2-92IB,5055170280788
M6-SYH6-8KNH,3600523493630
M6-W4TK-AH93,8711700807258
M6-XFYS-6AGR,5411183034143
M8-1JB0-HA5J,10181032707
M8-5C25-4PFM,5013692247870
MA/TP/WHIT/100ML,5000347002809
MA-3K31-0WKK,8001841670379
Marbgclc,5010232980181
Mastmahs,5050375114111
MB-GNS6-9KON,850003560717
MB-ISUB-1FTI,5059001005052
MB-LUZM-438R,5019205014588
MC-I5KH-GRQ0,5011417566312
MD-9ZHH-03WU,5010618047101
MD-ZKJL-NLAP,5010372012919
MEDAZ500,5060166696795
MEDK500,5060896621760
MEDMP500,5060896623702
MEDUB500,5060947548916
ME-RWEK-4EWS,5053249238913
Mfgmrac170-1,5050375057920
Mfgmrac200-1,5053249221410
MG-BIUT-HSZD,5000101506345
MH-0AG7-L8HE,5011309028515
MH-6L1U-PIAX,5060060212947
mhdhnodr21,5012583210146
MH-LJ6O-O0NG,5019205001083
MHRMC70,5050375119666
MI-R5YT-Y4UJ,8411582875115
MJ-DXHF-K668,5060166696382
MKGELFABC,5010232991460
MKGELFABCM,5010232991477
MK-P2JS-R3Q9,5011309010213
MM-32JP-KE7Q,8006540212301
MMTODS200,5051389044937
MNL-17-86-1,80466468
MN-Z3QU-WFER,5010123703509
MO-SSSK-EY0P,8006540994290
MP-HUIJ-P37E,3574669907903
MPOBXLS36,5053249227641
MPSPCGF400,5053249215143
MPSPWMF400,5053249215105
MPSSWMRT,5060021361431
MP-V8BP-K9MK,5053249206783
MP-XW5P-22JZ,5011321595293
MQ-D13E-1E8T,5013692251334
MRGETUC,5010232988019
MRWP500,5060896626956
MS-9EMA-P5KN,25929180305
MSGB550,8410436360975
MS-IUD2-Z8TD,5010372012995
MS-LDPZ-FMHC,3014230021237
MU-72X6-LPAE,5060021361011
MU-X5PD-GHKJ,8006540347133
MV-S0PX-L9RH,8411582875092
MW-MS87-B04O,5055586604796
MW-QSAA-GEFM,5411183068902
MY-Z9JZ-RCUO,5055319559416
MZ-HAVF-YPG5,5000444014910
MZ-JCCW-4QD6,5055319599559
N0-6O4Q-AKF1,5060021368980
N0-AZOQ-ODFQ,5012251011327
N0-VI3G-4JYL,8720182117311
N0-WVBL-7Y4W,6001067004943
N4-UY1A-983T,5060060211193
N5-1GRV-2CU0,5055319517379
N6-CFNR-CG2X,7613034309563
N6-KNQ5-GXJI,5060110227693
N8-L8Q9-RSP0,309978695202
N8-PD99-Y2FK,5000204887785
N9-6MX8-6RU4,87298390
NA-55VI-MTYT-10,5060021364395
NA-N8ZT-5FE7,8718951198715
NAPPVR375,5010373142745
natbwsnbu1,5060110228249
NAWDCRCRPOC50,4005900916334
NBCRNAO400,4005808780570
NB-MSMZ-BLE4,8712561676106
NB-P1VP-MCNK,5000347090936
NC-7NF1-AHIJ,5060120164063
NCHTWHC480,5026445001544
NCMCAWTOF50,3574661530604
NCODFSF,5013912900905
NCTWAV480,5026445001179
ND-Q58B-8OKQ,5010287445161
Neufparsod1,5013912909366
NFHRWS12,5010724529669
NFP500,5011807048206
NG-GSOJ-EMTB,642498013836
NHACRCFW30,5020535013547
NHBTMW400,3574661471181
NHCQ10CEVEB575,5060128980382
NHDCDC51,5013332400115
NHLTWL120,5060110222612
NI/AFT/REPL/100ML,5025970023274
NI/DEM/BLWH/250ML,4005900036469
NI/DEO/DOUB/250ML,4005808230860
NI/FRO/CLEA/50ML,42299882
NI/SHG/CACO/250ML,4005808130078
NI/SHIM/ROSE/250ML,4005900257062
Nivpousdfm1,5900017066332
NJ-IK80-AD66,5053249206844
NJ-LXQ3-EJEK,5032227447523
NJPTHHT,8004260421423
Nlboc48-1,4005900567932
NLFNS250,5025970803241
NL-PEB4-YUJO,5000386120670
NL-UYYY-FZ0N,5411183090750
NMASBFMACW,4005900841339
Nmckapds2501,4005808298174
NMPSBCS100,4005808944811
NMSASCSSAV200,4005900711588
NNDTSHC500,5011807054412
NNDTSMB750,5011807054368
NOGBC500,5011807035442
NOPVR750,5010373142769
NPBAPDS250,4005808837335
NP-GOQ8-OB81,5000204771626
NRCW25,4005900952196
NR-KE03-0N8Q,5000101093371
NSFFKMCW200,4005900841162
NS-HR8P-0R5J,5051389044838
NSLRMC200,4005808515615
NS-OFSG-J28J,5411183142183
NSSCC8750,5050328001765
NSSLSPFWR200,4005900907165
NSSPCS30FK200,5025970023694
NT-9FHX-1AO8,5013912909335
NTUCC1,5013332700116
NU-LIS0-C6HF,5059001012074
NU-UJEM-F2KO,5413149291171
NV-RRPH-6ORF,5011417564950
NV-RT8Y-AVKF,5011309034615
NW-YUOR-4BTS,5060021369680
NX-I7HG-IQD4,5011309029116
NY-TD56-FHM1,5017848249633
NZ-FNUI-8JI8,3574660455076
O0-27-0827-7R-AM,6291105153287
O1-U6VX-4PIC,5000204560435
O4-CCR1-H78B,5029347005207
O6-9WHP-85E2,5051389052666
O9-8H2O-6KON,6281006485457
O9-TN3E-HKSF,4015600499983
OA-CANR-GBJK,3600523232635
OAWFLS50,5410076304448
OBCCT4PK,3014260014278
OBCEWTCM75,5410076926046
OB-HEI3-Z8ML,5011417559406
OBMCLFAM250,8001090132017
OBPEWSSM75,5013965951664
OBRGETEF75,8001090364159
OBSAGCTO75,8001841489704
OBSGCGWT75,8001841489803
OBTBCC,3014260818388
OBTBER,4210201446231
OBTCPM100,8001090989581
OC-BB4N-AGQ3,5412533419986
OCSMDCS50,5000174452921
ODCR3PFAA15,8001090432773
OF-22-1123-BF-AM,5012008591003
OF-2THZ-E4JV,5053249230115
OF-4Q3Q-QAAS,3059943009080
OF-8UI9-TLC9,5029053550039
OF-Y0WK-F6Z5,5011501040704
OG-EY3A-2K2U,5060120163219
OH-9UO7-OL0C,5010287365728
OH-R5OS-JQAA,5050375084025
OK-CTA4-BJHQ,8720181336058
OL/SCRUB/CITR/150ML,8001841762951
OM-94PU-RBVP,8710908778230
OM-FQ9Z-4NSM,8886467049477
ON-VDBE-KMRI,5012251012294
OO-UXWW-GIET,87298352
OP-9970-OABB,6291012889989
OQ-EOX8-2NUE,5060021367150
Origslacsg1,5000101189333
OS-9ZX7-HZZM,5011299100116
OSADSRWC50,8006540442364
OSASLO150,8001090978714
OSCDBSM150,8001090962966
OSDBSDSOBS250,8006540954430
OSDBSMN150,8006540377147
OSMALWW100,5000174440256
OSSGWWMS250,8006540944561
OT-A34J-K6UY,5053249215082
OT-OJKF-E8ED,5060120163363
OT-YER2-TQ69,5410076390427
OU-L627-2J8U,5000204893762
OU-RD2G-SK6Q,5017848249060
OV-54BE-206B,87298376
OV-OCRC-L7SK,60010181042647
OX-20M1-VNG0,5000204073386
OX-NUUJ-ZZ28,8712561803274
OY-3CJQ-TOO4,5014353087859
OZ-IZWO-EJQ5,5011417536322
P1-XNQ8-5QX5,5012251012256
P2-4MX0-D3ML,5012251012263
P2-Z14C-N3ZD,5056176297527
P3-26-1448-HA-AM,5000207004981
P3-2HQR-UAWG,5010789878757
P6-4YLL-36T9,8712561669825
P6-SSJS-1CJP,817513019838
P6-TWGM-U90J,5000444014897
PA/MOU/SMOO/200ML,8006540349328
PA/ULH/HOLD5/250ML,8006540346785
PA-0O7I-8SE8,5010372012988
PA-8JN4-186O,5011451102965
PA-B65V-8VEN,5055586605274
PACP38,7615400818907
Pagfatgs300-1,5053249223612
Palcofmbs1,10181035173
Palmncamsg1,8714789732923
Palsfversbpl1,10181051654
PAPVCS400,8006540801567
PAPVSRP400,8006540801512
PBLWC840,8710847900747
PBLWLD38W1.026,8720181007538
pbpfpbp8.4,7615400794911
PBWC40,8720181303074
PBWPWCPF8.4,7615400798612
PCBFSTOWVE150,10181041532
PCLWLD648,8720181007521
PCOFHFM50,10181032455
PCOFSFS90,10181035432
PCPWCCW40,8720181303081
PE-801N-7A38,96177877
Perfscmaar,5055586604789
Pers3safraac1,5055586604840
Pers3sarpn1,5055586607964
Perscrwfc3v,5055586604802
Persvjorc3v1,5055586607995
Pesacriks1,5053249206035
Pesflrcw31,5055586607940
PFBK,48533630288
PFCIQDPGFEB400,5055319526869
PFGESP400,5055319510578
PFIEMSDWPG200,5055319598187
PG-A8SB-SECL,5411183090637
PGFP75,5056175911752
PGMDSC300,5053249223650
PGMGPSWCO300,5053249223636
PG-T4KF-JDLB,5029347601492
PH-4D0X-6MBG,8711577090005
PHBS200,5012008713009
PHCIRCBWVE60,10181044397
PHEDLL500,850003560694
PI-AAKG-00ZT,5010789444761
PICFBPWOGH500,5012008650908
PI-HI4L-OUJ4,3616302748778
PJ-0U6H-WBJC,8714789732879
PK-NCXS-J6DA,5411183011380
PKRTOO100,7322540910575
PKTCG40T,5000453123085
PLBCHWVWCOF4,10181032226
plenowktt3r1,7322540909487
PMBCC400,10181034084
PMJCBWVE100,10181040009
PNBLD2484,8720181109904
PNBP8.4,7615400794355
PNBWC38,8710847900808
PNBWC40,8720181303067
PO-22-0632-NX-CP,4064666043562
POOLICVE250,10181025136
PO-T5PF-JE56,5060021360472
PP-21-1019-3D-AM,8712038003213
Ppaghwme2501,6281006483837
PPILSS400,8006540997697
PPT75,5022545151455
PPVMPSAB225,8006540049914
PPVSFSHS360,8001841267203
primeB0001P0AI6,5012594440037
primeB000O1O6D2,5050837700814
primeB000TV61TE,5029347000516
primeB0012X7OU8,5029347601386
primeB0012XARKW,5029347007355
primeB00133H8AS,5029347601201
primeB0013B11AI,5029347005115
primeB001E17FG6,5012616170201
primeB001GQU1AG,5050375051058
primeB001OXA2QY,5029347602413
PRIMEB001V9XEKM,5029347606053
PRIMEB002EHUKCA,5000204503494
primeB002WYVJIE,4015000211451
primeB0031SF7TC,5050375071810
primeB0032NC0VY,5032227449084
PRIMEB003EMBY8I,48256297164
PrimeB004BSW3H0,703878200014
PRIMEB004Z4USRM,5029347300029
PRIMEB005H0UXU0,5060021360205
primeB005KIKUQG,5053249260877
PRIMEB006UHM7J4,5060021367990
PRIMEB007GX58FQ,5011289000570
primeB00BNAQ0YG,4011700740475
primeB00CHKN2UG,4015600514792
PrimeB00D0BEDFO,703878200106
primeB00EVSBRN6,5010789720223
PrimeB00JHG23QM,5060110227174
PrimeB00JHG2ZTC,5060110227150
PRIMEB00MY4NK3O,5900998000332
primeB00NVLQ2FW,5010618001110
PRIMEB00PIY8OIS,5060021369406
primeB00R0APC9M,5010373029503
PRIMEB00RPBCGO0,5060021361110
PRIMEB00VM952W4,5060021362407
primeB016WFO3L8,3600524001124
primeB017G2M1SI,4002448046424
primeB018RFDOWA,5011451102996
primeB01C7C2MUO,8710908285127
primeB01DM6P90O,5017371151670
PRIMEB01EAJ5BT6,5060337725835
primeB01EWVI58G,5011417561805
primeB01MUW8DZH,5000204890938
primeB073FJZ8WM,5060337720090
PRIMEB074F2SZT2,8712561548953
primeB076JBQBFM,5026445002459
PRIMEB077HSHC5G,5060110225682
primeB078HL3S1J,5055319517454
primeB079MDJ9XB,5060517882884
primeB079Z9BW69,5060194137062
primeB07D4C87KL,5411183142336
primeB07DMP1BNS,8710447275313
primeB07PGQKSKF,5010724527177
primeB07QBXVJVV,5060060211216
primeB07S7VQ4S3,5011309036510
primeB07S8SH7NR,5011309057515
PRIMEB07S9RCBFH,5011309029314
primeB07VGKK6JG,5020535010751
primeB07YBFQQPS,5020535011918
primeB07YVCMFLM,8001841429212
primeB07ZHHQ47R,5411183122307
PrimeB083Y4JF5N,8720181303227
PrimeB086HR1D1P,5012251004114
primeB089QVLN5L,5013655214734
primeB08DG2WSD6,5060033820162
primeB08K44Y87G,8720181006289
primeB08L4C4SBJ,3362294070303
primeB08LWZBR95,5013692251341
primeB08SJVGRJW,8720181006272
primeB08V892QHR,5050375085640
primeB0935BY4XS,5060152796805
primeB09CLJDMX6,5060060212329
primeB09CLKPGHH,5060060212305
primeB09Q23LXMT,5012583210108
primeB09QQPNNQN,5056176297893
PrimeB0BQ7SBDS5,5060060213043
PrimeB0C8NXHRRT,5060896623368
PrimeB0CBPT2JXB,5000204315530
PS/CLE/DISI/850ML,5060033822142
PSAFRHB19,5055586607902
PSBBKTS200,5053249214061
PSBGCTTUH300,5060152796874
PSBGCVBBIU300,5060152796713
PSCCSTEC300,5060152796676
PS-ER5P-ZFQQ,7614700005307
PSHCSFHC60,10181053351
PSKP300,5053249240312
PSMJHSCBWVE200,10181040085
PSSIRP15,4015600592431
PSSTPPGG400,5053249228648
PS-XAXL-2X3Q,50158089
PTOSPTDS200,5012008671514
PTOSSCC1000,5012008651004
PU-24-0813-8T-AM,8700216003643
PUECO55,5012687470026
PU-Y0EM-DEUO,5025416000661
PV-DAPA-B0J0,5050375066182
PVPVSHL250,8006540346754
PX-S6MZ-Z5T9,83078415303
PZ-3KOZ-BVM2,3600523977802
Q2-4ZRV-SE2H,5000386004628
Q2E-X5UKJ-5BYVD,8901030005091
Q2-TLCY-M8FX,5055319572330
Q3-HKCN-V423,7702018980932
Q3-QWJV-TR8X,8006540268353
q3t6seagweq1,5053249228600
Q5-40ZI-U7LM,5056176297879
Q5-TH3U-KAX1,8711600804388
Q6-3LR9-P8ED,42299929
Q8-KSJ1-PIV3,5060194137826
Q8-Y5C3-BFMX,5055319517485
QA-8MS3-J7WX,5055319517034
qafqgghwfdws1,5012334006585
QC-3PTY-B7WA,5413149006690
QC-C4GI-CA06,5411183128965
QD-2AJC-DDT9,5060194130025
QD-Q4AL-ZAJW,5053249241777
QD-TPK2-I3HJ,5000231036781
QD-Z3S5-MYZC,5029347900052
QE-8E61-41Z5,8710908777004
QE-9Q57-F9N1,5000186735012
QG-4T70-TNFV,5013748005898
QG-UW52-S93O,5010789625009
QH-J1F6-P69V,761828009940
QH-O56V-PGO2,5053249255095
QH-Q786-V4Y0,42182658
QJ-61EE-P3QY,5010249077300
QM-6E2W-F1YE,5000101509957
QQ-6W0K-CT3S,5050375084087
QQ-AYWY-FU8D,5053249229188
QR-T00N-9HC2,5011289001935
QR-Y0AE-F9L2,42182627
QS-LVCY-PS9T,42299806
QT-B3FT-SMLF,8718951052109
QT-MOA9-78NO,5050375090620
QU-5PTP-E7AT,5010724527375
QW-26-1005-H6-AM,4064666305882
qw34taefgweq1,5000204117073
QW-HCWF-XZNQ,5029053582139
QW-NXQX-JBBJ,5055319517478
QZ-FU5M-TBW9,5011962360045
QZ-O5SE-UCZQ,7322541124261
R0-V5AG-2BJC,5000386008466
R1-P153-OOOB,8718951198791
R2-22-0640-JF-CP,4064666305929
R2-RWSM-ROT7,5000325051591
R8-W51Q-RW9Q,5000204117431
R9-RUMZ-Z5GV,5010373037829
RA/BATH/BLIS/500ML,8710847950230
RA-DRPH-P401,5000204146837
Rapdpprcms1,5019702950891
RASBB150,5026445002633
RBEDTS100,5026445000479
RBSGS150,5026445002664
RBSO500,8710847929977
RC-AN7F-LRR8,5060110227181
RCBCDB,309978695349
RCHCDMB32,309978695325
RC-Z1TA-921A,5010724527481
RFSGOC200,5017694000686
RG/DEO/SOFT/250ML,5012583205906
RH-M6VO-SF3B,8006540109144
RI-10-0831-Z4-AM,4084500961159
Riggswcocb1,5012583206446
Riggwaps1,5012583204312
riguxtinandemen15001,5012583203117
RJ-10-0845-F6-AM,5053249261607
RL-VA0U-KIFE,8711577002923
RM-JPSO-K7GI,8717163536476
RMTFRBWML250,8720181336157
RM-UTB7-B0SC,5029347601805
RN-21-0841-AG-AM,8711577135638
RoseWater1,3600542327015
RQ-GMQ6-IFNV,3600520433424
RQ-VYOT-CO90,5010789720216
RR-27-0738-PF-AM,8006540529232
RT-4T1N-CUHK,5055319517522
RU-MEMJ-72OY,5029347600136
RW-YD0X-MH8J,5029053039978
RW-YZF4-W1EY,5055441446530
S0-E2OQ-E99T,5000325047167
S1-E3M4-70AT,5011451104204
S1-R5SK-MFS9,7614700005239
S7-P9XW-F4FK,5060021361899
S9-TPW6-6S57,5055319571357
SADROWCB,50096350
sanecrod1,8714789762845
Sanwodia,8714789762876
SAWSC290,5411183078635
sb2fefh750-1,5411183131224
SBAPC5,5055047200581
SBCFW25,8720181209444
SBPAIDS200,8718951423084
SCDMPCCB240,8720181268113
SCDMPCPB240,8720181268106
SCFTDAP100,8934839126896
Schgtbfius1,5410091733377
SCLNC50,5411183001336
SCSBWFLSC300,5055319531917
SDADSEC250,8714789763286
SDCW290,5411183100794
SERTOF20,5000453121760
SE-TOE9-OXSY,5050375085671
SF-07XQ-CV13,5029347601829
SFBSHP60,5060614805885
SFCMSZC425,5060614800118
SFMDCBM,8720181037047
SF-NKIN-WXS0,5411183135666
SG-5Q27-MLE2,5010249309760
SGAPROJCM50,96083482
SGCTAPLB150,5012008722100
SGFBAPWRV150,5012008722209
SGMHAPDSPM150,5012008722506
SHDNNDBPV570,5012583210184
SHSDAFF,5038483677995
SI/EYE/REMO/125ML,5011451103917
Sibcfctt2001,8801619051832
SIJCHOPFMB118,856484005440
SJ-YHY4-X7FN,5060021361066
SKCWABW150,8720181128981
SKHABWH225,8720181368974
SKSTME1HR200,5055193540593
SKSTMUD200,5055193540586
SL-CMR5-6Q4J,5010123703547
SLDWLF648,8720181278907
SLFBCI350G,5053249256436
SLFBFL350,5053249256474
SLFBLB350,5053249256450
SLFBSB350,5053249256412
SLPLCMIB,5012583208204
SLPTLYY45W225,8720181104190
SMADQ250,8717644318652
SMAPDPIIF250,8717644332153
SMAPSC250,8720181197710
SMCS400,5411183090712
smh42,4003455001857
SMMT75,5054563033512
Smpssc270-1,5411183100855
SMSLP300,5053249252933
SNNHDLBP560,5012583210221
SNNHDPB590,5012583210368
SNNHDPDB550,5012583210504
SNNHDPDGB565,5012583210245
SNNHDPDRB585,5012583210306
SN-TNG5-HHB3,10181048012
SO-KT62-D4G8,5011417567043
Sormcpcgfb1,5411183166899
soslmnangre1,5411183134072
souaqawscsu1,5411183003323
Soub1faaefhh1,5411183146334
soufhtrb1,5411183036017
sousgfgg1,5411183135741
sousihtnb1,5411183036031
SPCB23,8720181106217
SPCMTCPC,4015000211710
SPCPCCRB87,5012583001331
SPSWS500,5060033821138
SPWPW8.45,7615400787722
SR-22-1135-GS-AM,5055116605262
srmcrmbfg1,5411183166875
SSCBSCS25,8710447473832
SSCCFCIAG237,75285203033
SSCFCGIA473,75285203071
Sscflsn300-1,5055319545037
SSCW100,5411183057548
SSFMF42,4003455340109
SSHDPB20,5018632145452
SSMSG290,5411183083035
SS-TWAM-25F7,8710908524066
SSWDH750,5411183135697
SS-YUPK-9WIQ,5055319517393
stpmcc500,5060033823675
stpssnbll960,5060033820841
SU/APM/ACTI/200ML,8720181334948
SU/APM/INVI/200ML,8720181334955
SU/APM/QUAN/200ML,8720181334917
SU/APW/BRIG/200ML,8720181334832
SU/APW/COTT/200ML,8720181334849
Surwmsadbb1501,8710908799228
Suwbbapd1,8720181197161
Suwbclld1,8720181109546
SU-YGKY-HFN1,3014230022401
SV-WMHK-SCKZ,5029347609405
SW-5L69-XOJS,5050375124585
SW-AKSC-K0Y1,5014353089594
Swibwd250,8712561882873
SWPLSJ1150,8720181106088
T0-0R94-37TE,5014697033703
T0-49QA-L8N5,309974755481
T0-8TLI-JV4Y,8710908812415
T1-4USP-5LWV,8720181228643
T3-22-0618-TE-CP,4064666305912
T6-26-0827-XP-AM,5000325053304
T6-BNKD-R2U6,5411183109353
T7-CXKI-621V,3574669908498
T7-HR6C-IGM9,5060267760586
T8-NCJJ-2AJ9,3059941005671
t8y50tj340rth340,5011417539071
TA-4CPR-1IKB,5050375085763
TBHCFDMRDH100,615908433364
TBHMGFTW50,615908433050
TBHSSBPTS600,615908432350
TCMTUP13,5010373053164
TCRRC500,5012254061282
TCSS1,5010373071830
TCTORFCH350,5010373246030
TD-21-1027-BX-AM,8712038002551
TD-3C2I-SRTP,5000204225297
TDSHCS200,5020580016982
TE-9R42-PQHR,5059001214009
TE-QE6M-CRSS,5026445000509
TESPBR400,5010372012957
TESPDB400,5010372015163
TESPG400,5010372012896
TESPGB400,5010372012902
TESPHBGP400,5010372016771
TESPO400,5010372015156
TESPSC400,5010372015828
TESPY400,5010372012964
TFSFSSEF600,5010373069585
TFWQDFIO600,5010373069639
TF-YGU4-WL1Z,5050375079496
TG-3N1Y-QBN5,3361370037513
TGS2I1ADFM250,8711600724358
Thadshcs1,5020580016999
THPCWHA440,8720181188510
TH-U59L-W19X,8001841618326
TI-BDNQ-UG8A,5411183123076
TJ-0LOE-QWRK,5010123703585
TJ-3VP0-2F59,5011417545126
tkhmtophe31,8001841522487
TKSC400-1,8710447224366
TKSS700,8710447224342
TKSSWMO700,8720182211002
TL-L1YW-YCTU,5055319525817
TMFRB1,5010373068595
TMGIPB1,5010373068373
TN-AGFC-FDLJ,5011962112057
TO-O5LB-7I8L,5059001000835
TPISPPSBN75,5065013808093
tpsmplgwm1l,5060033822760
TPSS500,5010373071861
TPSTMDFCSM750,5060033821619
TQ-JBLK-JBWR,8714789194783
TQ-NJDY-MABJ,5029347613150
TR/CON/VOLU /900ML,8717163907108
TRDBS150,5028748105400
TRE/COND/CORE/900ML,8717163902981
tryju90t01,8710522879955
TS-ASKM-PBYJ,8720182210951
TSFBSSSC60,5060614805649
TSFVSZC425,5060614800101
TSPPAV380,8720182117250
TSPPCH380,8720181296734
TSSSSPAO500,5012254060834
TTCTNB150,5010415224002
TV-EV03-5HIV,5011111073000
TV-M1OD-OBK2,5050375085220
TX-F506-XLYK,5012583203582
TX-VJ5S-76RB,5012583200765
TY-1HLJ-MMD4,5053249244846
TZ-ARDG-Q85X,5055319557078
U0-DVKT-XAFH,8714789698922
U5-PDV9-IXYN,8717163004869
U8-BD2K-LUB3,5060021368539
UA-LDCZ-WXYY,5012254059760
UB-S3X9-M7K2,3600521637142
UC-AIJR-AJSO,5060021368645
UD-26-1027-R6-AM,5099821009984
UD-8P3L-JEM0,5060120165176
UD-GJM0-S1N3,5038581092065
UDSI150,761828009957
UD-TV4O-TVT9,5000204650518
UD-Z50H-E0ZK,5011962114228
UF-VJOL-AYY4,5060033822104
ugyyry,8710908812576
UH-26-1201-FW-AM,5010121096504
uhfuiyF\O,5000204628319
UI-24-0640-YQ-AM,8720181331916
UI-9PUZ-FZNC,5010212644614
UI-RZE8-4N1L,5060120167279
UL-MWZ6-RS1H,96049938
UL-YZSY-S7I0,5053249257679
UO-KVTX-T5C2,5000444014880
UV-2V1G-OF0Y,8712561880138
UW-KFUK-OZ0Z2D,5010373117774
UZ-G86L-49DT,5012583200758
V_1001CFORSFC300,5032227008236
V_1001CFORSFE300,5032227008496
v_AADFCD150,3607349687458
V_AAIOPCCC33P,8006540899274
V_AASCPR750,5060060212510
V_ABBSSWC355,34285500122
V_ABCTTOTO177,34285537067
V_ABHSCHGS155,34285506049
V_ABOOLIC177,34285249069
V_ABOOSO355,34285250126
V_AEBSS355,746817152036
V_AECWS3I1F355,746817312089
V_AFCLSSZ60W1320,8411582875047
v_AFRSCF750,5060060211117
V_AIATDHC227,858380002073
V_AJCGDSFEG426,34285692155
V_AJFRGOCSA118,34285690045
V_AJHSBSIU213,34285673079
V_AJMPOSAO237,34285670085
V_AJMSCIC426,34285697150
V_AMYBCAH300,3574661482378
V_APBSSOMO355,802535436121
V_APCDGNCFSB170,802535489042
V_APLICOMABF355,802535441125
V_APTLSSMIMC340,802535488120
V_ASCJAC510,5060194134511
V_ASCJGF510,5060194132371
V_AWAFCCFRSB250,5059001016409
V_AWAFEDCCFRS42,5059001016010
V_AWAFFRMMJGA250,5059001014078
V_AWAFPSP300,5059001013989
V_AWFRAFSS250,5059001015181
V_AWPAFSC250,5011417565421
V_BFFL700,834554008690
V_BIA43TLIA25,5060021367693
V_BICDPCCBR1KG,5060021361257
V_BIGBPPASG300,5060021364876
V_BIMS2.5,5060021367310
V_BIPB5L,5060021369871
V_BIPVAASCG5L,5060021364890
V_BIRMAWSC300,5060021360502
V_BISS5L,5060021364777
V_BIWP70SST300,5060021366177
V_BMSLB4.25,8717591561989
V_BPPAI1CWV29P,8700216169639
V_BSASB150,5026445002596
V_BWGMHVOBCC31W,8700216400879
V_BWLGCWBOSH24W840ML,8006540584958
V_BYBSMO100,5060148520100
V_BYDOSDVDK212,96175101
V_BYDOSVD400IU15,96195529
V_BYJSMO100,5060148520315
V_CCFWBCC200,3574660123906
V_CCFWEDWOFF150,5000207007425
V_CCPFMFCWB227,817513016783
V_CFCUCHN1.1878,8720181043796
V_CFNSSPF50OAD50,5017371157573
V_CHBW2IN1FM400,817513016769
v_CIFCCOW750,7615400806676
V_CLICROFHBM368,817513016776
V_CMAVS150,5026445000042
V_CMWSBFFHM127,817513017766
V_CNPRGUP100,309971370274
V_CONCPLCW354,75724199118
V_CONCRLICCM326,75724398450
V_CONFWMAO207,75724244382
V_CONHMLCOAO250,75724252011
V_CONHSCDNAO135,75724389786
V_CONMHSSAO248-1,75724217867
V_CONPEBAO63.7G,75724397651
V_CONSSPHPAO118,75724244429
v_CPFCH33990,8720181332005
V_CROCMSB400,856017000027
V_CSBRSAI100,5017371149929
V_CSLSPF50AS150,5017371146850
V_DBHSSK26P,9312742376642
V_DCCSMP40S,5000325052628
V_DCONSFFG500,5053249255927
V_DCSAM750,5011417561935
V_DHWABCSM250,5011417559161
V_DHWALRL250,5011417566350
V_DLSAFC1L,5011417577370
V_DTRBACMS,5000204020045
V_DTRBACP,5000204020106
V_DWKACKWR1,5013655004694
V_EBRETS12,5029347605964
V_ECCCS500,5412533004052
V_EHGEBM250,5055028321274
V_EHGWPVB5M250,5055028321267
V_EMO500,8801051294446
V_EMWCM500,5055028321748
V_EMWFMAF500,5055028321755
V_EMWTC500,5055028360044
V_ETESACV1L,5055586608053
v_FADSE500,5011962112231
V_FBAFFPE,8001090977762
V_FBAFVM,8001841233130
V_FBSPH4500,5056267004089
V_FDS1KG,5059001011404
V_FNRLIC300,8008277760575
V_FNYFMCI250,8032947869947
V_GAFSPB500,5000204129229
V_GBCSDF300,9356419005435
V_GFPCMSG175,7702018276837
V_GPESL100,5026445002688
V_GSGSR,7702018487455
V_GSSAFRPCL18ML,5000204594959
V_GSSHRSSJ18,5000204075267
V_HCPFB57,5012128367892
V_HCTHCH100,5026445002497
V_HCTHCS100,5026445002534
V_HCTHCV100,5026445002572
V_HSSADCF400,8006540810675
V_HTCPPLDCF680ML,5059001003867
V_IHMMGSAO450,5012008714105
V_KTACT,5029053573717
V_LBCOE1.68,8006540529263
V_LCCTFBOA30,50841301
V_LCCTFBOB30,50841356
V_LCCTFBOC30,50841370
V_LCRSDRJ500,5060033822364
V_LECPHMPFCH300,3600521708507
V_LESDLRS700,3600523705108
v_LFSLB2004,4084500299153
V_LJBSDA75,5026445004262
V_LMEAPDCP250,3600522945260
V_LPECNGSWPP200,3600524055752
V_MEDPP500,5060639122899
V_MMBCPMO750,5000204043945
v_MNL21-8-1,5060194133170
v_MUL-U1-95-1,5060194133194
V_NAPDEDP250,4005808230679
V_NBMCCBVE5I1C,6001051000364
V_NFNBSRMBBTP,4008600410614
V_NFNBSRMBGTP,4008600410607
V_NFNBSRMBRTP,4008600410621
V_NMSGPCAV200,5025970023250
V_NNPR250,5026445000097
V_NNPRAF250,5026445000103
V_NSGM200,5025970023243
V_OGXADHCCMO177,3574661531847
V_OSDSDSOBS50,8001841283944
V_PCLWLD38W1026,8720181006333
V_PCSSWSFF500,700220210233
V_PDBLCHCOFVE400,10181032653
V_PFMPIEBS300,5055319528863
V_PFMPIESG300,5055319528856
V_PHBC200,5012008713108
V_PPVCCS500,8006540988268
V_PTSPB50,5065013808062
V_PTSPBN50,5065013808000
V_PTSPGWNO75,8901030005015
V_RGAPDAXC150,5012583201939
v_RTBFDOD500,5060608748433
V_SAPPFAPROP,8710447481646
V_SDSDU500,5060033821640
V_SKSTMDCF200,5055193540579
V_SKSTMMCF200,5055193540562
V_SMRESMM,3384129296085
V_SZ%BFSS570,8718951390775
V_T2IN1DCSC900,8717163907047
V_TBHSRRSIDH100,615908433333
V_TCRCPS900,8717163902998
V_TMRCVE500,8720181477331
V_TPCSLSPN75,5065013808147
v_TPISPB75,5065013808123
v_TPLSW75,5065013808178
V_TRCS500,8720181477317
V_TRMSVE500,8720181477300
V_UOBWMCOO426,34285553159
V_UOMBG355,34285559083
V_UOMBLOO355,34285554125
V_VEHLIC600,8901030841095
V_XBCICMFB150,5060120169563
V_XMAIRBTF2B,5060120162144
v_ZMDCWS800,5011309075014
V2-C63Z-K54I,5029347000172
V2-DTMZ-JRC7,5000444014903
V2-E3QM-UC1N,5055441446431
V4-QEC6-52OC,5051389044852
V7-BU7H-BCTA,5055319571593
v987f9734u80,83078411213
V9-GOJC-BJJM,5000174990287
VADCO300,5054805039630
VADS300,5014697056931
VAFAAPD250,8886467000782
vagopogeprtrre20001,5011417559925
Vanfstoap1,5011417544570
Vanoapfsrc1,5011417559895
VA-QB33-MA5G,5010372012889
VBLCRWCBIC600,8901030841101
VBNS10,9354505000258
VC-6KOG-Y04N,5055319528757
VCCG600,5011417565384
VCCPE600,5900627076387
VCCPEOASRS500,5900627076394
VE-H922-H5SV,8712561909778
VF-PB7Q-RWQQ,5060180031527
Vfsrgoacw1,5011417562505
VG-GCAK-I7EM,5029347600655
VG-VLVX-UBA7,5029347009311
VH-8OH3-AYKF,5029347601041
VH-TJJH-FC4S,5020353042804
VH-Y34V-0WN2,5054805039487
VI-B3OC-U6CV,5032227449077
VI-CD2J-WKGM,5059001000040
VJ-TS32-VLVW,5060021364753
VK-HY98-RI3I,5010789720315
VM-6P2S-Z0E5,3600523900862
Vmadapds1501,8886467000805
VMSICAS190,8712561692533
VN-UZ1K-8V63,3574661684284
VN-WWU6-VTZK,5019205013253
VOSFSR500,4002448051015
VR-24-0617-4W-AM,8700216332873
VR-MHEQ-D4B0,8411582875085
VSDICIWVO250,8712561698443
VSDIS250,8712561698528
VSHBLICAS600,8901030841118
VSM3AMWHFB,4023103142466
VSMMACM,4023103113152
VSROASRP1.4,5059001003010
VSSHRC100,5000146980353
VTASFLBC42,4030300023108
VT-BTLR-8RI0,7615400106653
VU-GAR3-EH4Z,5000386120359
VU-GXRQ-I70S,8718951198753
VU-J8RW-2S76,5000347090943
VVSFLMFCAF72,4030300022743
VW-KMTF-S6Y2,5019205009355
VX-M5RZ-CVJ1,5060021360311
VY-GXP0-LKFL,5060021361134
VY-RG7A-H1NL,5000204123098
W0-WYCR-BWTX,5056176297916
W2-GOJF-PTKL,5410076229994
W5-10-1050-VH-AM,5053249222448
W5-5OS2-ARRB,8711577235888
W5-S9JP-ZLA5,5017371155074
W6-26-1011-6V-AM,4064666305943
W6-JEWL-VQTL,50046089
W7-25-1203-3Q-AM,5031413919646
W8-YZPM-6N2B,5010789505196
W9-TB5H-V2M3,5011417548509
WA-FB7W-32R5,5055319517447
WA-PA13-6K9X,5055319571265
WB-CZ9H-VWHC,5051389044821
WC-9SX3-59S7,5029347601980
WDFRP250,5032227447097
WE/SHA/RENE/250ML,4064666036281
WE-1Z91-2KJ1,5053249238937
WECMT4PK,5028763007079
WFDSSS180,4064666235011
WF-VR07-WUEO,5055319531931
WG-3V8B-B3M7,5053249228563
WH-QQQP-QTEP,5060021367167
WJ-KG5M-1D2Z,8717163023839
WJ-Q3T8-OJGS,5014697033727
WJ-SMYI-Y1BM,10181000089
WK-QEFT-30Z9,5025416030422
WL-4QRI-R51I,8801051111866
WM-E42A-67TM,5000101510595
WM-V5AW-Z9RP,672935359388
WO-T9T9-QO3Q,5019205008204
WP-5M0V-D2LU,5013748000725
WPHMICWLC150,4064666316338
wqfefg4521,3600522372639
WT-4R1V-PLFP,3574660050516
WU-IWF8-7JBT,5017353503251
WU-ZKNF-Y07C,8901030556647
WW-3ONU-L6CW,5060021361073
WZ-VBE8-BDI7,8711577094584
X1-RSM6-R5VI,5000204604351
X2-AH7A-IOMH,5050375085619
X2-XWMR-0LNI,7332531097901
X3-2NJF-MDO2,5029347123000
X4-58S1-SEZZ,5000204883381
X5-R9KF-YOS6,8718951396234
X6-ZBEK-VDF9,8720181079177
XA-SE5O-39HC,5010789954819
xbcactrods100,5060120167194
XC-AOF4-5ZZ3,5011289002178
XCCBNASDS500,5060120167026
XD-SMOW-KKMW,5059001002198
XE-BF9C-4CCY,8714789880556
XE-IOWV-HQNK,5060120163844
XF-BTAJ-9P4M,5411183152182
XHCxhcssc1,5060120166388
XH-MG8Q-X32L,5000347078859
XI-8B8V-AJX2,5010249049017
XJ-A3M6-68LQ,4000388563902
XK-K4U3-NSZM,5014353091672
XL-6EOT-D5E4,8002110383709
XL-XOPM-OPFL,6942138915785
XM-26-1020-WI-AM,5099821113780
XP-N85J-GLRI,5011309051612
XS-WOMS-J93S,5011289002116
Xwagffww6001,5034096003039
XW-DUPF-OAS0,5055319531832
XW-QQOD-PU67,5000168164045
XY-UKXK-G30X,48256210316
Y3-18-0606-KW-CP,5029347610883
Y3-YXRX-PGVK,5032483001927
Y4-6BQ1-BGYE,5010373033753
Y4-ONGB-J9K1,4000388177000
Y4-USCG-TX02,5055319571425
Y5-F00H-0Y3P,96137130
Y8-01JH-NCO4,8712561601276
Y8-E44Q-41LF,5011417558140
Y8-F805-184T,5055319517416
Y9-UFUS-0U59,8714789880518
YA-5RUS-2Y7P,5014353089631
Yarerffhw,5056179302723
YB-3SLQ-5OWM,8711577002053
YBMPVM200,5056179301252
YE-OOLO-I9EO,8714789698953
yguh8y,10181051807
YG-ZW8U-K9OH,5053249211275
YH-V6FQ-UD3G,8712561485548
YI-21-0756-VD-AM,8711577009335
YI-BLVU-9YZY,5000204853216
YK-WMON-WH3O,7332531063739
YN-1A6A-1WOG-1,5000325049352
YN-FG7A-BVYZ,5060033820827
YO-T1Y8-U4EQ,5000386147745
YP-26-1440-54-AM,4015000211390
YQ-46FY-G1KE,5029053527574
YQ-LR3B-JIIZ,8711577135218
YR-C3I7-9JYB,5000204579376
YS-92H5-791D,5060021360915
YT-PVCZ-FQT5,5010789505202
YU-0HFT-HU1H,5000185114740
YU-NW65-H9BE,8001841671475
YV-BM89-EK7D,5053249206868
YX-6XX5-5P14,5055586605069
YZ-6ML9-GWHC,5028763006867
Z0-HT0A-HOVU,5000174453218
Z3-C5RY-1LWM,3600541029019
Z4-REEQ-B86C,5019205008280
Z4-ZW0C-M6JK,5000204650488
Z6-ATG2-FVSC,5410076088867
Z6-DNG4-3LNI,3574661475301
Z6-TZ4N-OTFJ,5000386001047
Z6-WZ2Z-Z1TD,5055586605281
Z8-WLQI-JP13,10181040702
Z9-9Y61-MNSR,5010249028357
Z9-QAOP-08FD,5060048580112
Z9-R2C1-KZFU,5000209100513
ZB-92EU-05DA,5011962972194
ZB-AAUA-J7P4,5000386292872
ZCDFP500,5011309077018
ZCDMA500,5011309028119
ZCGCMD250,5011309079210
ZCMDLNA250,5011309076714
ZC-SFED-923T,4000388179004
ZCSSC250,5011309057614
ZD-HT93-7LKE,5010789214678
ZDSMWS300,5011309075113
ZD-UO1Y-TS1K,5019205000574
ZE-3Z74-ZYC8,5000204548181
ZE-KE8V-MY2Y,5013912902107
ZG-U5N2-UCSY,5010287365551
ZH-04-0747-Q7-CP,8710908879500
ZI-LX22-IC9Z,7332531063388
ZI-XQII-TM5H,3600523232543
ZK-MRUD-SGRQ,5012334004321
ZL-RJXR-9ZHO,8411582876143
zmpdcmb800,5011309058314
ZM-R6OA-L6NE,8714789763460
ZN-VTWJ-9FVB,5029347601812
ZO/DIS/GARD/500ML,5011309056518
ZP-04-0759-VD-CP,96045534
ZP-8QGC-QO6L,5011309025712
ZPBCGL800,5011309092011
ZPBSSFJ800,5011309092110
ZPGCMD500,5011309029215
ZP-J0LS-128L,5060228450587
ZR-24-0628-5D-AM,8006540910764
ZR-WREC-ACSK,5032227445451
ZU-3JOD-2TJ9-1,8711577272258
ZV-L3RJ-1PRS,5010612808562
ZV-Q8MR-48FU,5411183031890
ZX-M38I-1NGJ,4005808123834
,
,
,
,
,
,
,
,
,
,
,
,
,
,
,
,
,
,
,
,
,
,
,
,
,
,
,
,
,
,
,
,
,
,
,
,
,
,
,
,
,
,
,
,
,
,
,
,
,
,
,
,
,
,
,
,
,
,
,
,
,
,
,
,
,
,
,
,
,
,
,
,
,
,
,
,
,
,
,
,
,
,
,
,
,
,
,
,
,
,
,
,
,
,
,
,
,
,
,
,
,
,
,
,
,
,
,
,
,
,
,
,
,
,
,
,
,
,
,
,
,
,
,
,
,
,
,
,
,
,
,
,
,
,
,
,
,
,
,
,
,
,
,
,
,
,
,
,
,
,
,
,
,
,
,
,
,
,
,
,
,
,
,
,
,
,
,
,
,
,
,
,
,
,
,
,
,
,
,
,
,
,
,
,
,
,
,
,
,
,
,
,
,
,
,
,
,
,
,
,
,
,
,
,
,
,
,
,
,
,
,
,
,
,
,
,
,
,
,
,
,
,
,
,
,
,
,
,
,
,
,
,
,
,
,
,
,
,
,
,
,
,
,
,
,
,
,
,
,
,
,
,
,
,
,
,
,
,
,
,
,
,
,
,
,
,
,
,
,
,
,
,
,
,
,
,
,
,
,
,
,
,
,
,
,
,
,
,
,
,
,
,
,
,
,
,
,
,
,
,
,
,
,
,
,
,
,
,
,
,
,
,
,
,
,
,
,
,
,
,
,
,
,
,
,
,
,
,
,
,
,
,
,
,
,
,
,
,
,
,
,
,
,
,
,
,
,
,
,
,
,
,
,
,
,
,
,
,
,
,
,
,
,
,
,
,
,
,
,
,
,
,
,
,
,
,
,
,
,
,
,
,
,
,
,
,
,
,
,
,
,
,
,
,
,
,
,
,
,
,
,
,
,
,
,
,
,
,
,
,
,
,
,
,
,
,
,
,
,
,
,
,
,
,
,
,
,
,
,
,
,
,
,
,
,
,
,
,
,
,
,
,
,
,
,
,
,
,
,
,
,
,
,
,
,
,
,
,
,
,
,
,
,
,
,
,
,
,
,
,
,
,
,
,
,
,
,
,
,
,
,
,
,
,
,
,
,
,
,
,
,
,
,
,
,
,
,
,
,
,
,
,
,
,
,
,
,
,
,
,
,
,
,
,
,
,
,
,
,
,
,
,
,
,
,
,
,
,
,
,
,
,
,
,
,
,
,
,
,
,
,
,
,
,
,
,
,
,
,
,
,
,
,
,
,
,
,
,
,
,
,
,
,
,
,
,
,
,
,
,
,
,
,
,
,
,
,
,
,
,
,
,
,
,
,
,
,
,
,
,
,
,
,
,
,
,
,
,
,
,
,
,
,
,
,
,
,
,
,
,
,
,
,
,
,
,
,
,
,
,
,
,
,
,
,
,
,
,
,
,
,
,
,
,
,
,
,
,
,
,
,
,
,
,
,
,
,
,
,
,
,
,
,
,
,
,
,
,
,
,
,
,
,
,
,
,
,
,
,
,
,
,
,
,
,
,
,
,
,
,
,
,
,
,
,
,
,
,
,
,
,
,
,
,
,
,
,
,
,
,
,
,
,
,
,
,
,
,
,
,
,
,
,
,
,
,
,
,
,
,
,
,
,
,
,
,
,
,
,
,
,
,
,
,
,
,
,
,
,
,
,
,
,
,
,
,
,
,
,
,
,
,
,
,
,
,
,
,
,
,
,
,
,
,
,
,
,
,
,
,
,
,
,
,
,
,
,
,
,
,
,
,
,
,
,
,
,
,
,
,
,
,
,
,
,
,
,
,
,
,
,
,
,
,
,
,
,
,
,
,
,
,
,
,
,
,
,
,
,
,
,
,
,
,
,
,
,
,
,
,
,
,
,
,
,
,
,
,
,
,
,
,
,
,
,
,
,
,
,
,
,
,
,
,
,
,
,
,
,
,
,
,
,
,
,
,
,
,
,
,
,
,
,
,
,
,
,
,
,
,
,
,
,
,
,
,
,
,
,
,
,
,
,
,
,
,
,
,
,
,
,
,
,
,
,
,
,
,
,
,
,
,
,
,
,
,
,
,
,
,
,
,
,
,
,
,
,
,
,
,
,
,
,
,
,
,
,
,
,
,
,
,
,
,
,
,
,
,
,
,
,
,
,
,
,
,
,
,
,
,
,
,
,
,
,
,
,
,
,
,
,
,
,
,
,
,
,
,
,
,
,
,
,
,
,
,
,
,
,
,
,
,
,
,
,
,
,
,
,
,
,
,
,
,
,
,
,
,
,
,
,
,
,
,
,
,
,
,
,
,
,
,
,
,
,
,
,
,
,
,
,
,
,
,
,
,
,
,
,
,
,
,
,
,
,
,
,
,
,
,
,
,
,
,
,
,
,
,
,
,
,
,
,
,
,
,
,
,
,
,
,
,
,
,
,
,
,
,
,
,
,
,
,
,
,
,
,
,
,
,
,
,
,
,
,
,
,
,
,
,
,
,
,
,
,
,
,
,
,
,
,
,
,
,
,
,
,
,
,
,
,
,
,
,
,
,
,
,
,
,
,
,
,
,
,
,
,
,
,
,
,
,
,
,
,
,
,
,
,
,
,
,
,
,
,
,
,
,
,
,
,
,
,
,
,
,
,
,
,
,
,
,
,
,
,
,
,
,
,
,
,
,
,
,
,
,
,
,
,
,
,
,
,
,
,
,
,
,
,
,
,
,
,
,
,
,
,
,
,
,
,
,
,
,
,
,
,
,
,
,
,
,
,
,
,
,
,
,
,
,
,
,
,
,
,
,
,
,
,
,
,
,
,
,
,
,
,
,
,
,
,
,
,
,
,
,
,
,
,
,
,
,
,
,
,
,
,
,
,
,
,
,
,
,
,
,
,
,
,
,
,
,
,
,
,
,
,
,
,
,
,
,
,
,
,
,
,
,
,
,
,
,
,
,
,
,
,
,
,
,
,
,
,
,
,
,
,
,
,
,
,
,
,
,
,
,
,
,
,
,
,
,
,
,
,
,
,
,
,
,
,
,
,
,
,
,
,
,
,
,
,
,
,
,
,
,
,
,
,
,
,
,
,
,
,
,
,
,
,
,
,
,
,
,
,
,
,
,
,
,
,
,
,
,
,
,
,
,
,
,
,
,
,
,
,
,
,
,
,
,
,
,
,
,
,
,
,
,
,
,
,
,
,
,
,
,
,
,
,
,
,
,
,
,
,
,
,
,
,
,
,
,
,
,
,
,
,
,
,
,
,
,
,
,
,
,
,
,
,
,
,
,
,
,
,
,
,
,
,
,
,
,
,
,
,
,
,
,
,
,
,
,
,
,
,
,
,
,
,
,
,
,
,
,
,
,
,
,
,
,
,
,
,
,
,
,
,
,
,
,
,
,
,
,
,
,
,
,
,
,
,
,
,
,
,
,
,
,
,
,
,
,
,
,
,
,
,
,
,
,
,
,
,
,
,
,
,
,
,
,
,
,
,
,
,
,
,
,
,
,
,
,
,
,
,
,
,
,
,
,
,
,
,
,
,
,
,
,
,
,
,
,
,
,
,
,
,
,
,
,
,
,
,
,
,
,
,
,
,
,
,
,
,
,
,
,
,
,
,
,
,
,
,
,
,
,
,
,
,
,
,
,
,
,
,
,
,
,
,
,
,
,
,
,
,
,
,
,
,
,
,
,
,
,
,
,
,
,
,
,
,
,
,
,
,
,
,
,
,
,
,
,
,
,
,
,
,
,
,
,
,
,
,
,
,
,
,
,
,
,
,
,
,
,
,
,
,
,
,
,
,
,
,
,
,
,
,
,
,
,
,
,
,
,
,
,
,
,
,
,
,
,
,
,
,
,
,
,
,
,
,
,
,
,
,
,
,
,
,
,
,
,
,
,
,
,
,
,
,
,
,
,
,
,
,
,
,
,
,
,
,
,
,
,
,
,
,
,
,
,
,
,
,
,
,
,
,
,
,
,
,
,
,
,
,
,
,
,
,
,
,
,
,
,
,
,
,
,
,
,
,
,
,
,
,
,
,
,
,
,
,
,
,
,
,
,
,
,
,
,
,
,
,
,
,
,
,
,
,
,
,
,
,
,
,
,
,
,
,
,
,
,
,
,
,
,
,
,
,
,
,
,
,
,
,
,
,
,
,
,
,
,
,
,
,
,
,
,
,
,
,
,
,
,
,
,
,
,
,
,
,
,
,
,
,
,
,
,
,
,
,
,
,
,
,
,
,
,
,
,
,
,
,
,
,
,
,
,
,
,
,
,
,
,
,
,
,
,
,
,
,
,
,
,
,
,
,
,
,
,
,
,
,
,
,
,
,
,
,
,
,
,
,
,
,
,
,
,
,
,
,
,
,
,
,
,
,
,
,
,
,
,
,
,
,
,
,
,
,
,
,
,
,
,
,
,
,
,
,
,
,
,
,
,
,
,
,
,
,
,
,
,
,
,
,
,
,
,
,
,
,
,
,
,
,
,
,
,
,
,
,
,
,
,
,
,
,
,
,
,
,
,
,
,
,
,
,
,
,
,
,
,
,
,
,
,
,
,
,
,
,
,
,
,
,
,
,
,
,
,
,
,
,
,
,
,
,
,
,
,
,
,
,
,
,
,
,
,
,
,
,
,
,
,
,
,
,
,
,
,
,
,
,
,
,
,
,
,
,
,
,
,
,
,
,
,
,
,
,
,
,
,
,
,
,
,
,
,
,
,
,
,
,
,
,
,
,
,
,
,
,
,
,
,
,
,
,
,
,
,
,
,
,
,
,
,
,
,
,
,
,
,
,
,
,
,
,
,
,
,
,
,
,
,
,
,
,
,
,
,
,
,
,
,
,
,
,
,
,
,
,
,
,
,
,
,
,
,
,
,
,
,
,
,
,
,
,
,
,
,
,
,
,
,
,
,
,
,
,
,
,
,
,
,
,
,
,
,
,
,
,
,
,
,
,
,
,
,
,
,
,
,
,
,
,
,
,
,
,
,
,
,
,
,
,
,
,
,
,
,
,
,
,
,
,
,
,
,
,
,
,
,
,
,
,
,
,
,
,
,
,
,
,
,
,
,
,
,
,
,
,
,
,
,
,
,
,
,
,
,
,
,
,
,
,
,
,
,
,
,
,
,
,
,
,
,
,
,
,
,
,
,
,
,
,
,
,
,
,
,
,
,
,
,
,
,
,
,
,
,
,
,
,
,
,
,
,
,
,
,
,
,
,
,
,
,
,
,
,
,
,
,
,
,
,
,
,
,
,
,
,
,
,
,
,
,
,
,
,
,
,
,
,
,
,
,
,
,
,
,
,
,
,
,
,
,
,
,
,
,
,
,
,
,
,
,
,
,
,
,
,
,
,
,
,
,
,
,
,
,
,
,
,
,
,
,
,
,
,
,
,
,
,
,
,
,
,
,
,
,
,
,
,
,
,
,
,
,
,
,
,
,
,
,
,
,
,
,
,
,
,
,
,
,
,
,
,
,
,
,
,
,
,
,
,
,
,
,
,
,
,
,
,
,
,
,
,
,
,
,
,
,
,
,
,
,
,
,
,
,
,
,
,
,
,
,
,
,
,
,
,
,
,
,
,
,
,
,
,
,
,
,
,
,
,
,
,
,
,
,
,
,
,
,
,
,
,
,
,
,
,
,
,
,
,
,
,
,
,
,
,
,
,
,
,
,
,
,
,
,
,
,
,
,
,
,
,
,
,
,
,
,
,
,
,
,
,
,
,
,
,
,
,
,
,
,
,
,
,
,
,
,
,
,
,
,
,
,
,
,
,
,
,
,
,
,
,
,
,
,
,
,
,
,
,
,
,
,
,
,
,
,
,
,
,
,
,
,
,
,
,
,
,
,
,
,
,
,
,
,
,
,
,
,
,
,
,
,
,
,
,
,
,
,
,
,
,
,
,
,
,
,
,
,
,
,
,
,
,
,
,
,
,
,
,
,
,
,
,
,
,
,
,
,
,
,
,
,
,
,
,
,
,
,
,
,
,
,
,
,
,
,
,
,
,
,
,
,
,
,
,
,
,
,
,
,
,
,
,
,
,
,
,
,
,
,
,
,
,
,
,
,
,
,
,
,
,
,
,
,
,
,
,
,
,
,
,
,
,
,
,
,
,
,
,
,
,
,
,
,
,
,
,
,
,
,
,
,
,
,
,
,
,
,
,
,
,
,
,
,
,
,
,
,
,
,
,
,
,
,
,
,
,
,
,
,
,
,
,
,
,
,
,
,
,
,
,
,
,
,
,
,
,
,
,
,
,
,
,
,
,
,
,
,
,
,
,
,
,
,
,
,
,
,
,
,
,
,
,
,
,
,
,
,
,
,
,
,
,
,
,
,
,
,
,
,
,
,
,
,
,
,
,
,
,
,
,
,
,
,
,
,
,
,
,
,
,
,
,
,
,
,
,
,
,
,
,
,
,
,
,
,
,
,
,
,
,
,
,
,
,
,
,
,
,
,
,
,
,
,
,
,
,
,
,
,
,
,
,
,
,
,
,
,
,
,
,
,
,
,
,
,
,
,
,
,
,
,
,
,
,
,
,
,
,
,
,
,
,
,
,
,
,
,
,
,
,
,
,
,
,
,
,
,
,
,
,
,
,
,
,
,
,
,
,
,
,
,
,
,
,
,
,
,
,
,
,
,
,
,
,
,
,
,
,
,
,
,
,
,
,
,
,
,
,
,
,
,
,
,
,
,
,
,
,
,
,
,
,
,
,
,
,
,
,
,
,
,
,
,
,
,
,
,
,
,
,
,
,
,
,
,
,
,
,
,
,
,
,
,
,
,
,
,
,
,
,
,
,
,
,
,
,
,
,
,
,
,
,
,
,
,
,
,
,
,
,
,
,
,
,
,
,
,
,
,
,
,
,
,
,
,
,
,
,
,
,
,
,
,
,
,
,
,
,
,
,
,
,
,
,
,
,
,
,
,
,
,
,
,
,
,
,
,
,
,
,
,
,
,
,
,
,
,
,
,
,
,
,
,
,
,
,
,
,
,
,
,
,
,
,
,
,
,
,
,
,
,
,
,
,
,
,
,
,
,
,
,
,
,
,
,
,
,
,
,
,
,
,
,
,
,
,
,
,
,
,
,
,
,
,
,
,
,
,
,
,
,
,
,
,
,
,
,
,
,
,
,
,
,
,
,
,
,
,
,
,
,
,
,
,
,
,
,
,
,
,
,
,
,
,
,
,
,
,
,
,
,
,
,
,
,
,
,
,
,
,
,
,
,
,
,
,
,
,
,
,
,
,
,
,
,
,
,
,
,
,
,
,
,
,
,
,
,
,
,
,
,
,
,
,
,
,
,
,
,
,
,
,
,
,
,
,
,
,
,
,
,
,
,
,
,
,
,
,
,
,
,
,
,
,
,
,
,
,
,
,
,
,
,
,
,
,
,
,
,
,
,
,
,
,
,
,
,
,
,
,
,
,
,
,
,
,
,
,
,
,
,
,
,
,
,
,
,
,
,
,
,
,
,
,
,
,
,
,
,
,
,
,
,
,
,
,
,
,
,
,
,
,
,
,
,
,
,
,
,
,
,
,
,
,
,
,
,
,
,
,
,
,
,
,
,
,
,
,
,
,
,
,
,
,
,
,
,
,
,
,
,
,
,
,
,
,
,
,
,
,
,
,
,
,
,
,
,
,
,
,
,
,
,
,
,
,
,
,
,
,
,
,
,
,
,
,
,
,
,
,
,
,
,
,
,
,
,
,
,
,
,
,
,
,
,
,
,
,
,
,
,
,
,
,
,
,
,
,
,
,
,
,
,
,
,
,
,
,
,
,
,
,
,
,
,
,
,
,
,
,
,
,
,
,
,
,
,
,
,
,
,
,
,
,
,
,
,
,
,
,
,
,
,
,
,
,
,
,
,
,
,
,
,
,
,
,
,
,
,
,
,
,
,
,
,
,
,
,
,
,
,
,
,
,
,
,
,
,
,
,
,
,
,
,
,
,
,
,
,
,
,
,
,
,
,
,
,
,
,
,
,
,
,
,
,
,
,
,
,
,
,
,
,
,
,
,
,
,
,
,
,
,
,
,
,
,
,
,
,
,
,
,
,
,
,
,
,
,
,
,
,
,
,
,
,
,
,
,
,
,
,
,
,
,
,
,
,
,
,
,
,
,
,
,
,
,
,
,
,
,
,
,
,
,
,
,
,
,
,
,
,
,
,
,
,
,
,
,
,
,
,
,
,
,
,
,
,
,
,
,
,
,
,
,
,
,
,
,
,
,
,
,
,
,
,
,
,
,
,
,
,
,
,
,
,
,
,
,
,
,
,
,
,
,
,
,
,
,
,
,
,
,
,
,
,
,
,
,
,
,
,
,
,
,
,
,
,
,
,
,
,
,
,
,
,
,
,
,
,
,
,
,
,
,
,
,
,
,
,
,
,
,
,
,
,
,
,
,
,
,
,
,
,
,
,
,
,
,
,
,
,
,
,
,
,
,
,
,
,
,
,
,
,
,
,
,
,
,
,
,
,
,
,
,
,
,
,
,
,
,
,
,
,
,
,
,
,
,
,
,
,
,
,
,
,
,
,
,
,
,
,
,
,
,
,
,
,
,
,
,
,
,
,
,
,
,
,
,
,
,
,
,
,
,
,
,
,
,
,
,
,
,
,
,
,
,
,
,
,
,
,
,
,
,
,
,
,
,
,
,
,
,
,
,
,
,
,
,
,
,
,
,
,
,
,
,
,
,
,
,
,
,
,
,
,
,
,
,
,
,
,
,
,
,
,
,
,
,
,
,
,
,
,
,
,
,
,
,
,
,
,
,
,
,
,
,
,
,
,
,
,
,
,
,
,
,
,
,
,
,
,
,
,
,
,
,
,
,
,
,
,
,
,
,
,
,
,
,
,
,
,
,
,
,
,
,
,
,
,
,
,
,
,
,
,
,
,
,
,
,
,
,
,
,
,
,
,
,
,
,
,
,
,
,
,
,
,
,
,
,
,
,
,
,
,
,
,
,
,
,
,
,
,
,
,
,
,
,
,
,
,
,
,
,
,
,
,
,
,
,
,
,
,
,
,
,
,
,
,
,
,
,
,
,
,
,
,
,
,
,
,
,
,
,
,
,
,
,
,
,
,
,
,
,
,
,
,
,
,
,
,
,
,
,
,
,
,
,
,
,
,
,
,
,
,
,
,
,
,
,
,
,
,
,
,
,
,
,
,
,
,
,
,
,
,
,
,
,
,
,
,
,
,
,
,
,
,
,
,
,
,
,
,
,
,
,
,
,
,
,
,
,
,
,
,
,
,
,
,
,
,
,
,
,
,
,
,
,
,
,
,
,
,
,
,
,
,
,
,
,
,
,
,
,
,
,
,
,
,
,
,
,
,
,
,
,
,
,
,
,
,
,
,
,
,
,
,
,
,
,
,
,
,
,
,
,
,
,
,
,
,
,
,
,
,
,
,
,
,
,
,
,
,
,
,
,
,
,
,
,
,
,
,
,
,
,
,
,
,
,
,
,
,
,
,
,
,
,
,
,
,
,
,
,
,
,
,
,
,
,
,
,
,
,
,
,
,
,
,
,
,
,
,
,
,
,
,
,
,
,
,
,
,
,
,
,
,
,
,
,
,
,
,
,
,
,
,
,
,
,
,
,
,
,
,
,
,
,
,
,
,
,
,
,
,
,
,
,
,
,
,
,
,
,
,
,
,
,
,
,
,
,
,
,
,
,
,
,
,
,
,
,
,
,
,
,
,
,
,
,
,
,
,
,
,
,
,
,
,
,
,
,
,
,
,
,
,
,
,
,
,
,
,
,
,
,
,
,
,
,
,
,
,
,
,
,
,
,
,
,
,
,
,
,
,
,
,
,
,
,
,
,
,
,
,
,
,
,
,
,
,
,
,
,
,
,
,
,
,
,
,
,
,
,
,
,
,
,
,
,
,
,
,
,
,
,
,
,
,
,
,
,
,
,
,
,
,
,
,
,
,
,
,
,
,
,
,
,
,
,
,
,
,
,
,
,
,
,
,
,
,
,
,
,
,
,
,
,
,
,
,
,
,
,
,
,
,
,
,
,
,
,
,
,
,
,
,
,
,
,
,
,
,
,
,
,
,
,
,
,
,
,
,
,
,
,
,
,
,
,
,
,
,
,
,
,
,
,
,
,
,
,
,
,
,
,
,
,
,
,
,
,
,
,
,
,
,
,
,
,
,
,
,
,
,
,
,
,
,
,
,
,
,
,
,
,
,
,
,
,
,
,
,
,
,
,
,
,
,
,
,
,
,
,
,
,
,
,
,
,
,
,
,
,
,
,
,
,
,
,
,
,
,
,
,
,
,
,
,
,
,
,
,
,
,
,
,
,
,
,
,
,
,
,
,
,
,
,
,
,
,
,
,
,
,
,
,
,
,
,
,
,
,
,
,
,
,
,
,
,
,
,
,
,
,
,
,
,
,
,
,
,
,
,
,
,
,
,
,
,
,
,
,
,
,
,
,
,
,
,
,
,
,
,
,
,
,
,
,
,
,
,
,
,
,
,
,
,
,
,
,
,
,
,
,
,
,
,
,
,
,
,
,
,
,
,
,
,
,
,
,
,
,
,
,
,
,
,
,
,
,
,
,
,
,
,
,
,
,
,
,
,
,
,
,
,
,
,
,
,
,
,
,
,
,
,
,
,
,
,
,
,
,
,
,
,
,
,
,
,
,
,
,
,
,
,
,
,
,
,
,
,
,
,
,
,
,
,
,
,
,
,
,
,
,
,
,
,
,
,
,
,
,
,
,
,
,
,
,
,
,
,
,
,
,
,
,
,
,
,
,
,
,
,
,
,
,
,
,
,
,
,
,
,
,
,
,
,
,
,
,
,
,
,
,
,
,
,
,
,
,
,
,
,
,
,
,
,
,
,
,
,
,
,
,
,
,
,
,
,
,
,
,
,
,
,
,
,
,
,
,
,
,
,
,
,
,
,
,
,
,
,
,
,
,
,
,
,
,
,
,
,
,
,
,
,
,
,
,
,
,
,
,
,
,
,
,
,
,
,
,
,
,
,
,
,
,
,
,
,
,
,
,
,
,
,
,
,
,
,
,
,
,
,
,
,
,
,
,
,
,
,
,
,
,
,
,
,
,
,
,
,
,
,
,
,
,
,
,
,
,
,
,
,
,
,
,
,
,
,
,
,
,
,
,
,
,
,
,
,
,
,
,
,
,
,
,
,
,
,
,
,
,
,
,
,
,
,
,
,
,
,
,
,
,
,
,
,
,
,
,
,
,
,
,
,
,
,
,
,
,
,
,
,
,
,
,
,
,
,
,
,
,
,
,
,
,
,
,
,
,
,
,
,
,
,
,
,
,
,
,
,
,
,
,
,
,
,
,
,
,
,
,
,
,
,
,
,
,
,
,
,
,
,
,
,
,
,
,
,
,
,
,
,
,
,
,
,
,
,
,
,
,
,
,
,
,
,
,
,
,
,
,
,
,
,
,
,
,
,
,
,
,
,
,
,
,
,
,
,
,
,
,
,
,
,
,
,
,
,
,
,
,
,
,
,
,
,
,
,
,
,
,
,
,
,
,
,
,
,
,
,
,
,
,
,
,
,
,
,
,
,
,
,
,
,
,
,
,
,
,
,
,
,
,
,
,
,
,
,
,
,
,
,
,
,
,
,
,
,
,
,
,
,
,
,
,
,
,
,
,
,
,
,
,
,
,
,
,
,
,
,
,
,
,
,
,
,
,
,
,
,
,
,
,
,
,
,
,
,
,
,
,
,
,
,
,
,
,
,
,
,
,
,
,
,
,
,
,
,
,
,
,
,
,
,
,
,
,
,
,
,
,
,
,
,
,
,
,
,
,
,
,
,
,
,
,
,
,
,
,
,
,
,
,
,
,
,
,
,
,
,
,
,
,
,
,
,
,
,
,
,
,
,
,
,
,
,
,
,
,
,
,
,
,
,
,
,
,
,
,
,
,
,
,
,
,
,
,
,
,
,
,
,
,
,
,
,
,
,
,
,
,
,
,
,
,
,
,
,
,
,
,
,
,
,
,
,
,
,
,
,
,
,
,
,
,
,
,
,
,
,
,
,
,
,
,
,
,
,
,
,
,
,
,
,
,
,
,
,
,
,
,
,
,
,
,
,
,
,
,
,
,
,
,
,
,
,
,
,
,
,
,
,
,
,
,
,
,
,
,
,
,
,
,
,
,
,
,
,
,
,
,
,
,
,
,
,
,
,
,
,
,
,
,
,
,
,
,
,
,
,
,
,
,
,
,
,
,
,
,
,
,
,
,
,
,
,
,
,
,
,
,
,
,
,
,
,
,
,
,
,
,
,
,
,
,
,
,
,
,
,
,
,
,
,
,
,
,
,
,
,
,
,
,
,
,
,
,
,
,
,
,
,
,
,
,
,
,
,
,
,
,
,
,
,
,
,
,
,
,
,
,
,
,
,
,
,
,
,
,
,
,
,
,
,
,
,
,
,
,
,
,
,
,
,
,
,
,
,
,
,
,
,
,
,
,
,
,
,
,
,
,
,
,
,
,
,
,
,
,
,
,
,
,
,
,
,
,
,
,
,
,
,
,
,
,
,
,
,
,
,
,
,
,
,
,
,
,
,
,
,
,
,
,
,
,
,
,
,
,
,
,
,
,
,
,
,
,
,
,
,
,
,
,
,
,
,
,
,
,
,
,
,
,
,
,
,
,
,
,
,
,
,
,
,
,
,
,
,
,
,
,
,
,
,
,
,
,
,
,
,
,
,
,
,
,
,
,
,
,
,
,
,
,
,
,
,
,
,
,
,
,
,
,
,
,
,
,
,
,
,
,
,
,
,
,
,
,
,
,
,
,
,
,
,
,
,
,
,
,
,
,
,
,
,
,
,
,
,
,
,
,
,
,
,
,
,
,
,
,
,
,
,
,
,
,
,
,
,
,
,
,
,
,
,
,
,
,
,
,
,
,
,
,
,
,
,
,
,
,
,
,
,
,
,
,
,
,
,
,
,
,
,
,
,
,
,
,
,
,
,
,
,
,
,
,
,
,
,
,
,
,
,
,
,
,
,
,
,
,
,
,
,
,
,
,
,
,
,
,
,
,
,
,
,
,
,
,
,
,
,
,
,
,
,
,
,
,
,
,
,
,
,
,
,
,
,
,
,
,
,
,
,
,
,
,
,
,
,
,
,
,
,
,
,
,
,
,
,
,
,
,
,
,
,
,
,
,
,
,
,
,
,
,
,
,
,
,
,
,
,
,
,
,
,
,
,
,
,
,
,
,
,
,
,
,
,
,
,
,
,
,
,
,
,
,
,
,
,
,
,
,
,
,
,
,
,
,
,
,
,
,
,
,
,
,
,
,
,
,
,
,
,
,
,
,
,
,
,
,
,
,
,
,
,
,
,
,
,
,
,
,
,
,
,
,
,
,
,
,
,
,
,
,
,
,
,
,
,
,
,
,
,
,
,
,
,
,
,
,
,
,
,
,
,
,
,
,
,
,
,
,
,
,
,
,
,
,
,
,
,
,
,
,
,
,
,
,
,
,
,
,
,
,
,
,
,
,
,
,
,
,
,
,
,
,
,
,
,
,
,
,
,
,
,
,
,
,
,
,
,
,
,
,
,
,
,
,
,
,
,
,
,
,
,
,
,
,
,
,
,
,
,
,
,
,
,
,
,
,
,
,
,
,
,
,
,
,
,
,
,
,
,
,
,
,
,
,
,
,
,
,
,
,
,
,
,
,
,
,
,
,
,
,
,
,
,
,
,
,
,
,
,
,
,
,
,
,
,
,
,
,
,
,
,
,
,
,
,
,
,
,
,
,
,
,
,
,
,
,
,
,
,
,
,
,
,
,
,
,
,
,
,
,
,
,
,
,
,
,
,
,
,
,
,
,
,
,
,
,
,
,
,
,
,
,
,
,
,
,
,
,
,
,
,
,
,
,
,
,
,
,
,
,
,
,
,
,
,
,
,
,
,
,
,
,
,
,
,
,
,
,
,
,
,
,
,
,
,
,
,
,
,
,
,
,
,
,
,
,
,
,
,
,
,
,
,
,
,
,
,
,
,
,
,
,
,
,
,
,
,
,
,
,
,
,
,
,
,
,
,
,
,
,
,
,
,
,
,
,
,
,
,
,
,
,
,
,
,
,
,
,
,
,
,
,
,
,
,
,
,
,
,
,
,
,
,
,
,
,
,
,
,
,
,
,
,
,
,
,
,
,
,
,
,
,
,
,
,
,
,
,
,
,
,
,
,
,
,
,
,
,
,
,
,
,
,
,
,
,
,
,
,
,
,
,
,
,
,
,
,
,
,
,
,
,
,
,
,
,
,
,
,
,
,
,
,
,
,
,
,
,
,
,
,
,
,
,
,
,
,
,
,
,
,
,
,
,
,
,
,
,
,
,
,
,
,
,
,
,
,
,
,
,
,
,
,
,
,
,
,
,
,
,
,
,
,
,
,
,
,
,
,
,
,
,
,
,
,
,
,
,
,
,
,
,
,
,
,
,
,
,
,
,
,
,
,
,
,
,
,
,
,
,
,
,
,
,
,
,
,
,
,
,
,
,
,
,
,
,
,
,
,
,
,
,
,
,
,
,
,
,
,
,
,
,
,
,
,
,
,
,
,
,
,
,
,
,
,
,
,
,
,
,
,
,
,
,
,
,
,
,
,
,
,
,
,
,
,
,
,
,
,
,
,
,
,
,
,
,
,
,
,
,
,
,
,
,
,
,
,
,
,
,
,
,
,
,
,
,
,
,
,
,
,
,
,
,
,
,
,
,
,
,
,
,
,
,
,
,
,
,
,
,
,
,
,
,
,
,
,
,
,
,
,
,
,
,
,
,
,
,
,
,
,
,
,
,
,
,
,
,
,
,
,
,
,
,
,
,
,
,
,
,
,
,
,
,
,
,
,
,
,
,
,
,
,
,
,
,
,
,
,
,
,
,
,
,
,
,
,
,
,
,
,
,
,
,
,
,
,
,
,
,
,
,
,
,
,
,
,
,
,
,
,
,
,
,
,
,
,
,
,
,
,
,
,
,
,
,
,
,
,
,
,
,
,
,
,
,
,
,
,
,
,
,
,
,
,
,
,
,
,
,
,
,
,
,
,
,
,
,
,
,
,
,
,
,
,
,
,
,
,
,
,
,
,
,
,
,
,
,
,
,
,
,
,
,
,
,
,
,
,
,
,
,
,
,
,
,
,
,
,
,
,
,
,
,
,
,
,
,
,
,
,
,
,
,
,
,
,
,
,
,
,
,
,
,
,
,
,
,
,
,
,
,
,
,
,
,
,
,
,
,
,
,
,
,
,
,
,
,
,
,
,
,
,
,
,
,
,
,
,
,
,
,
,
,
,
,
,
,
,
,
,
,
,
,
,
,
,
,
,
,
,
,
,
,
,
,
,
,
,
,
,
,
,
,
,
,
,
,
,
,
,
,
,
,
,
,
,
,
,
,
,
,
,
,
,
,
,
,
,
,
,
,
,
,
,
,
,
,
,
,
,
,
,
,
,
,
,
,
,
,
,
,
,
,
,
,
,
,
,
,
,
,
,
,
,
,
,
,
,
,
,
,
,
,
,
,
,
,
,
,
,
,
,
,
,
,
,
,
,
,
,
,
,
,
,
,
,
,
,
,
,
,
,
,
,
,
,
,
,
,
,
,
,
,
,
,
,
,
,
,
,
,
,
,
,
,
,
,
,
,
,
,
,
,
,
,
,
,
,
,
,
,
,
,
,
,
,
,
,
,
,
,
,
,
,
,
,
,
,
,
,
,
,
,
,
,
,
,
,
,
,
,
,
,
,
,
,
,
,
,
,
,
,
,
,
,
,
,
,
,
,
,
,
,
,
,
,
,
,
,
,
,
,
,
,
,
,
,
,
,
,
